Age,Gender,Nationality_Region,Level_Of_Study,University,Accommodation_Area,Primary_Transport_Mode,Commute_Time_OneWay_Min,Distance_To_Campus_KM,Days_Per_Week,Monthly_Spend_AED,Pain_HighCost,Pain_LongTime,Pain_Unreliable,Pain_Safety,Pain_Overcrowded,Pain_NoLateNight,Pain_NoDirectRoute,Severity_Cost,Severity_Time,Severity_Unreliable,Severity_Safety,Severity_Overcrowded,Severity_LateNight,Max_Commute_Preference,Max_Monthly_Budget_AED,PrefMode_FixedShuttle,PrefMode_OnDemandShuttle,PrefMode_SubVan,PrefMode_Carpool,PrefMode_RideHail,PrefMode_PublicTransport,Feature_LiveTracking,Feature_CarpoolMatch,Feature_SubscriptionPass,Feature_FemaleOnly,Feature_PickupHome,Feature_InAppSupport,Feature_CashlessPayment,Feature_RealTimeAlerts,Feature_RatingSystem,Feature_TimetableInteg,Importance_Cost,Importance_Time,Importance_Safety,Importance_Comfort,Importance_Reliability,Importance_Flexibility,App_GoogleMaps,App_RTA,App_Uber,App_Careem,App_UniPortal,App_WhatsApp,App_None,App_Comfort_Score,RideHail_Frequency,Transport_Satisfaction,NPS_Likelihood,Willingness_To_Pay_AED,Interested_In_EasyTransport_App
24,Male,South_Asian,Undergraduate,Murdoch_Dubai,Other,Own_Car,78,28.4,6plus,163.0,0,1,0,0,0,0,1,2,3,1,1,1,2,Less_20min,157.0,0,0,1,1,0,1,1,0,0,0,1,1,1,1,0,0,3,4,3,2,4,2,1,1,0,0,1,0,0,2,1_2_weekly,4,3,15.0,No
21,Male,South_Asian,Undergraduate,UOWD,Ajman_Northern,Own_Car,120,50.5,5,293.0,0,1,0,0,0,1,0,2,3,3,1,3,4,20_30min,288.0,0,0,0,0,1,1,1,1,1,0,1,1,0,1,0,1,5,4,5,1,3,4,1,0,1,0,0,1,0,4,Rarely,5,5,123.0,Maybe
30,Male,Southeast_Asian,Undergraduate,MAHE_Dubai,Deira_BurDubai,Taxi_RideHail,112,25.5,3_4,242.0,0,1,0,0,0,0,1,3,3,3,1,2,3,20_30min,281.0,1,0,0,0,1,1,1,1,1,0,1,1,0,0,1,1,5,5,3,3,5,1,1,1,1,1,0,0,0,4,Daily,4,4,120.0,Maybe
28,Male,South_Asian,Foundation,Other_DIAC,Downtown_JBR_JLT,Taxi_RideHail,71,28.4,5,303.0,1,1,0,0,0,0,1,3,3,3,1,2,2,46_60min,231.0,0,1,1,0,0,1,1,0,0,0,1,1,0,0,1,0,3,4,5,4,3,5,1,0,1,0,0,1,0,2,1_2_weekly,4,4,113.0,No
25,Female,South_Asian,Undergraduate,MAHE_Dubai,Deira_BurDubai,Own_Car,120,26.0,3_4,135.0,1,1,0,0,0,0,1,4,4,1,2,1,3,20_30min,157.0,0,0,1,1,0,0,1,0,0,0,0,1,1,1,0,1,5,2,5,5,3,4,1,0,1,0,1,1,0,4,Rarely,2,2,16.0,Yes
30,Male,South_Asian,Undergraduate,Murdoch_Dubai,Sharjah,Taxi_RideHail,120,49.1,6plus,507.0,1,1,0,0,0,0,1,5,3,2,2,3,2,More_60min,564.0,0,1,0,0,1,0,1,0,0,0,1,1,1,0,1,1,5,5,3,3,3,3,1,1,0,1,1,1,0,2,Rarely,4,5,100.0,Maybe
22,Male,South_Asian,Undergraduate,MAHE_Dubai,Ajman_Northern,University_Shuttle,120,40.5,5,123.0,0,1,0,1,1,0,0,2,5,3,5,3,2,Less_20min,141.0,0,1,0,1,1,0,1,1,1,0,0,0,0,1,0,1,4,4,4,4,3,3,1,0,1,0,0,0,0,5,1_2_weekly,5,4,59.0,Maybe
24,Female,South_Asian,Undergraduate,Other_DIAC,Al_Barsha,Own_Car,66,18.9,1_2,109.0,1,1,0,1,0,1,0,5,4,3,3,2,5,Less_20min,124.0,0,1,0,0,0,0,1,1,1,1,1,0,1,1,1,1,3,2,5,5,4,2,1,0,0,1,0,0,0,5,Rarely,2,3,78.0,Yes
27,Female,European_Western,Undergraduate,MAHE_Dubai,Other,University_Shuttle,52,12.1,5,50.0,1,1,0,0,0,1,0,3,5,1,3,2,3,20_30min,100.0,0,1,0,0,0,0,1,1,0,0,0,1,0,1,1,1,4,2,4,4,5,2,1,1,0,1,1,0,0,3,Never,2,3,66.0,Maybe
20,Male,South_Asian,Undergraduate,Other_DIAC,Ajman_Northern,Sub_Van,120,58.2,6plus,299.0,0,1,0,0,0,0,1,1,3,3,1,1,2,46_60min,247.0,1,0,1,0,0,0,0,1,0,0,1,0,1,1,1,1,3,5,3,1,4,2,1,0,0,0,1,0,0,2,Rarely,5,5,85.0,No
24,Male,Arab_NonGCC,Undergraduate,MAHE_Dubai,Sharjah,University_Shuttle,120,39.3,1_2,87.0,0,1,1,0,0,0,1,1,3,4,3,3,2,46_60min,100.0,1,1,0,1,1,1,1,1,0,0,1,0,0,1,0,1,2,2,3,3,4,5,1,0,1,0,1,1,0,5,Rarely,3,4,109.0,Yes
28,Female,South_Asian,Undergraduate,MAHE_Dubai,Al_Barsha,Metro,57,13.4,5,50.0,0,1,0,1,1,0,0,1,5,1,4,5,1,Less_20min,100.0,0,1,0,1,0,0,1,1,1,0,1,1,1,1,1,0,5,5,3,5,4,5,1,1,1,1,0,0,0,2,Never,3,2,116.0,Maybe
28,Male,South_Asian,Undergraduate,RIT_Dubai,On_Campus,University_Shuttle,7,1.7,5,50.0,0,0,1,0,1,0,0,3,3,3,1,4,3,Less_20min,100.0,1,1,0,1,1,0,1,1,1,0,1,1,1,1,0,0,5,2,3,4,3,4,1,0,1,1,1,1,0,4,Rarely,5,5,97.0,Maybe
25,Male,Other,Undergraduate,UOWD,Deira_BurDubai,Metro,120,27.5,5,116.0,1,1,0,0,1,0,1,3,5,2,3,5,3,31_45min,100.0,1,1,0,1,0,0,1,0,1,0,1,0,1,0,1,0,4,5,5,5,2,5,1,0,1,0,0,0,0,2,Rarely,2,3,30.0,Yes
22,Male,Arab_GCC,Undergraduate,Murdoch_Dubai,Downtown_JBR_JLT,University_Shuttle,87,20.0,3_4,69.0,0,1,0,0,1,0,0,3,4,2,2,4,3,Less_20min,100.0,1,0,0,1,1,0,1,0,0,0,1,1,1,1,0,1,5,5,3,2,3,2,1,1,1,0,1,0,0,3,Daily,3,3,60.0,Maybe
21,Male,Arab_NonGCC,Undergraduate,MAHE_Dubai,Deira_BurDubai,Own_Car,101,39.2,3_4,252.0,0,1,0,1,0,1,1,1,3,2,5,2,3,Less_20min,327.0,0,0,1,0,1,0,1,1,1,0,0,1,1,1,1,0,5,5,4,3,4,4,1,0,0,1,1,1,0,3,1_2_weekly,4,3,11.0,Maybe
25,Female,South_Asian,Postgraduate,UOWD,Sharjah,Taxi_RideHail,120,38.9,1_2,411.0,1,1,0,1,0,1,1,5,5,3,3,2,5,Less_20min,305.0,0,0,1,1,1,1,1,1,1,0,1,0,1,1,1,0,4,5,4,1,3,4,1,1,1,1,1,1,0,5,Rarely,2,2,118.0,Yes
25,Male,South_Asian,Undergraduate,Other_DIAC,Ajman_Northern,Taxi_RideHail,120,55.8,5,535.0,1,1,0,0,0,0,1,4,3,2,1,1,3,Less_20min,389.0,1,1,1,0,0,0,1,1,0,0,1,1,1,1,1,0,4,2,5,5,5,1,1,0,0,1,0,1,0,4,Rarely,4,5,89.0,Maybe
20,Female,European_Western,Undergraduate,Other_DIAC,Al_Barsha,RTA_Bus,51,18.4,5,62.0,0,1,0,0,1,0,0,2,5,1,1,5,1,20_30min,100.0,1,1,1,1,0,1,1,1,1,1,1,0,1,1,1,0,3,5,3,4,5,5,0,0,1,0,0,0,0,4,1_2_weekly,5,5,96.0,Maybe
23,Female,Arab_GCC,Undergraduate,MAHE_Dubai,Ajman_Northern,Own_Car,120,53.5,6plus,317.0,0,1,0,1,0,0,0,2,3,2,3,2,1,Less_20min,406.0,0,1,0,1,1,0,1,1,1,0,0,1,1,1,1,1,2,4,5,5,3,3,1,1,0,1,1,1,0,2,Never,3,2,99.0,No
22,Male,African,Postgraduate,Murdoch_Dubai,Al_Barsha,Metro,65,13.3,1_2,50.0,0,1,0,0,0,1,0,3,4,1,2,3,5,20_30min,100.0,1,0,0,0,0,0,1,1,0,0,1,1,0,1,0,0,4,2,5,4,3,3,1,0,0,1,0,1,0,4,1_2_weekly,3,2,40.0,Maybe
19,Male,Arab_GCC,Postgraduate,UOWD,Other,Own_Car,41,15.9,5,95.0,1,1,0,0,0,0,0,3,3,1,3,2,3,46_60min,100.0,1,0,0,0,0,0,1,0,1,0,1,1,1,0,1,0,3,5,5,5,2,1,0,0,1,1,1,0,0,3,Rarely,3,3,10.0,Maybe
25,Male,European_Western,Undergraduate,Murdoch_Dubai,Sharjah,Own_Car,120,45.7,1_2,310.0,1,1,0,0,0,0,1,3,5,3,3,1,1,20_30min,335.0,0,0,1,1,1,0,1,0,1,0,1,0,1,1,1,1,4,2,3,1,3,2,1,1,0,0,0,1,0,5,1_2_weekly,3,4,230.0,Yes
29,Female,Arab_GCC,Undergraduate,MAHE_Dubai,Al_Barsha,Own_Car,79,21.7,3_4,111.0,1,1,0,1,0,1,0,5,3,2,5,3,5,31_45min,100.0,1,1,0,1,0,0,1,0,1,1,1,1,1,1,1,1,3,2,4,1,3,1,0,0,0,0,0,1,0,5,1_2_weekly,3,2,73.0,Yes
23,Male,Arab_GCC,Postgraduate,MAHE_Dubai,Deira_BurDubai,RTA_Bus,114,28.9,5,114.0,0,1,0,0,0,0,1,3,4,3,3,1,2,Less_20min,141.0,1,1,0,0,0,1,1,0,0,0,0,1,1,1,1,1,2,2,4,3,2,2,1,0,0,0,1,1,0,5,Rarely,5,4,52.0,Maybe
19,Male,Southeast_Asian,Undergraduate,Other_DIAC,Sharjah,University_Shuttle,96,35.4,5,84.0,0,1,1,0,0,0,0,3,4,5,3,2,2,31_45min,100.0,0,1,1,1,1,1,1,0,0,0,0,0,0,1,1,1,3,2,5,1,3,5,1,0,0,1,0,1,0,4,1_2_weekly,3,4,31.0,Maybe
29,Female,Other,Undergraduate,RIT_Dubai,Downtown_JBR_JLT,University_Shuttle,61,23.7,5,58.0,1,1,1,1,0,0,0,3,3,3,5,3,3,20_30min,100.0,1,0,0,1,1,0,1,0,0,1,1,1,0,0,1,0,3,5,5,5,3,5,1,0,1,1,0,0,0,4,3_5_weekly,3,2,22.0,Yes
22,Male,European_Western,Undergraduate,Other_DIAC,Ajman_Northern,University_Shuttle,120,59.7,6plus,171.0,0,1,1,1,0,0,0,3,5,5,4,3,3,31_45min,208.0,0,0,0,0,1,1,1,1,0,0,1,1,0,0,1,0,5,2,4,5,3,4,1,1,1,0,1,1,0,3,1_2_weekly,3,2,98.0,Maybe
18,Male,South_Asian,Undergraduate,Other_DIAC,Sharjah,Metro,120,35.4,5,138.0,0,1,0,0,0,0,0,1,4,2,1,3,2,Less_20min,176.0,1,0,0,1,1,1,1,1,1,0,1,1,1,1,1,1,4,4,4,1,3,4,1,1,1,0,0,1,0,2,1_2_weekly,5,5,84.0,No
29,Male,European_Western,Foundation,UOWD,Al_Barsha,Own_Car,71,16.1,6plus,86.0,1,1,0,1,0,1,0,5,4,2,5,3,3,46_60min,100.0,1,0,1,1,0,1,1,0,0,0,1,0,1,1,1,1,3,2,3,2,3,4,1,0,1,0,1,1,0,2,Rarely,2,1,126.0,Maybe
27,Male,Arab_GCC,Postgraduate,Other_DIAC,Al_Barsha,RTA_Bus,80,20.9,5,63.0,0,1,0,0,1,1,0,2,3,1,1,5,4,20_30min,100.0,1,1,0,0,0,0,1,1,0,0,1,1,1,0,0,0,4,2,5,5,4,4,1,0,0,0,0,1,0,5,Never,5,5,27.0,Maybe
23,Female,Other,Undergraduate,UOWD,Al_Barsha,Sub_Van,32,12.0,5,62.0,1,0,0,1,0,0,0,4,2,1,3,2,1,20_30min,100.0,1,1,1,0,0,1,1,0,1,1,1,1,1,1,1,1,3,4,3,3,3,3,0,0,0,0,1,0,0,5,Daily,3,4,127.0,Maybe
30,Male,South_Asian,Undergraduate,UOWD,Sharjah,University_Shuttle,120,30.8,5,77.0,0,1,1,0,1,0,1,2,4,3,2,4,2,More_60min,100.0,0,1,1,1,1,0,1,0,1,0,1,1,1,1,1,1,5,5,4,2,2,4,1,1,1,0,0,0,0,4,Rarely,4,4,87.0,Yes
29,Female,Southeast_Asian,Foundation,MAHE_Dubai,Downtown_JBR_JLT,Taxi_RideHail,78,25.2,5,217.0,0,1,0,0,0,1,1,1,5,1,2,3,3,31_45min,274.0,0,1,0,0,0,0,1,0,0,1,0,1,1,1,1,1,5,4,4,1,3,4,1,0,0,0,1,1,0,5,Rarely,5,5,40.0,Maybe
26,Male,African,Postgraduate,UOWD,Sharjah,Own_Car,120,48.1,1_2,369.0,1,1,0,0,0,0,1,3,5,3,1,2,3,20_30min,469.0,0,1,0,1,0,0,0,1,0,0,1,0,1,0,1,1,2,3,4,4,4,4,1,0,0,0,1,1,0,3,Never,2,1,102.0,Maybe
18,Female,Southeast_Asian,Undergraduate,MAHE_Dubai,Al_Barsha,RTA_Bus,66,14.4,5,50.0,1,1,1,0,1,0,0,3,5,3,2,3,2,More_60min,100.0,1,0,0,0,0,1,1,1,1,1,0,0,0,0,1,1,3,4,4,5,2,2,1,1,1,1,1,1,0,3,Never,3,3,59.0,Maybe
28,Male,South_Asian,Postgraduate,MAHE_Dubai,Sharjah,University_Shuttle,120,39.4,1_2,110.0,0,1,0,1,1,0,0,3,3,3,3,3,2,20_30min,140.0,0,0,0,0,1,0,1,0,0,0,0,1,0,1,0,0,5,5,3,4,2,4,1,1,1,1,1,1,0,5,Rarely,5,5,69.0,Maybe
28,Male,South_Asian,Foundation,RIT_Dubai,Downtown_JBR_JLT,Own_Car,114,23.4,5,146.0,1,1,0,0,0,1,0,4,4,2,3,1,5,Less_20min,134.0,1,1,0,1,0,0,1,0,1,0,0,1,1,1,1,1,4,4,4,3,3,1,1,0,1,0,0,1,0,5,1_2_weekly,3,2,12.0,Yes
27,Prefer not to say,European_Western,Postgraduate,UOWD,Ajman_Northern,Metro,120,49.5,5,160.0,1,1,0,0,1,0,1,5,3,2,3,5,3,More_60min,174.0,0,1,1,1,0,0,1,1,1,0,1,1,1,1,0,1,3,2,5,2,5,4,1,1,0,1,1,0,0,5,3_5_weekly,2,2,126.0,Yes
29,Female,Arab_NonGCC,Undergraduate,RIT_Dubai,Downtown_JBR_JLT,Sub_Van,110,25.5,1_2,97.0,0,1,0,0,0,1,1,1,4,1,1,2,3,20_30min,100.0,0,1,0,1,0,0,1,0,0,1,0,0,0,0,1,0,3,5,4,4,4,4,1,1,0,0,0,1,0,5,1_2_weekly,3,2,18.0,Maybe
29,Female,Other,Undergraduate,RIT_Dubai,Deira_BurDubai,Own_Car,106,32.0,3_4,170.0,0,1,0,1,0,0,0,2,4,1,5,1,3,46_60min,210.0,1,0,1,0,1,0,1,0,1,1,0,1,1,1,0,0,2,3,5,3,5,3,0,0,1,1,1,1,0,5,Rarely,4,4,73.0,Maybe
20,Male,Southeast_Asian,Postgraduate,RIT_Dubai,Al_Barsha,Sub_Van,78,16.5,6plus,64.0,0,1,0,0,0,0,0,3,4,1,1,1,1,Less_20min,100.0,1,1,1,0,1,1,0,1,0,0,1,1,0,0,0,1,4,5,4,4,3,4,1,0,1,1,0,1,0,3,Rarely,4,3,57.0,No
29,Male,Arab_NonGCC,Undergraduate,RIT_Dubai,Downtown_JBR_JLT,RTA_Bus,75,23.7,5,61.0,0,1,1,0,0,0,0,3,5,4,3,1,2,31_45min,100.0,1,1,0,1,0,0,1,0,1,0,1,0,1,1,1,0,2,2,3,4,4,2,1,0,0,1,0,1,0,2,Rarely,2,3,77.0,Maybe
24,Male,Southeast_Asian,Postgraduate,Murdoch_Dubai,Ajman_Northern,Taxi_RideHail,120,51.8,3_4,555.0,1,1,0,0,0,1,1,3,3,3,2,1,4,20_30min,689.0,0,0,0,1,1,1,1,1,1,0,1,1,0,0,1,0,3,3,5,3,5,5,1,0,0,1,0,0,0,3,Rarely,2,3,130.0,Yes
21,Female,South_Asian,Undergraduate,RIT_Dubai,Deira_BurDubai,Own_Car,120,33.1,5,208.0,1,1,0,1,0,1,1,4,3,3,3,3,5,More_60min,209.0,0,1,0,1,0,1,1,1,1,0,0,0,1,1,1,0,2,5,3,5,4,4,1,0,0,1,0,1,0,3,1_2_weekly,2,2,148.0,Yes
26,Male,Southeast_Asian,Undergraduate,Murdoch_Dubai,Ajman_Northern,Taxi_RideHail,120,57.1,5,525.0,1,1,0,0,0,0,1,4,4,3,2,2,1,31_45min,497.0,1,1,1,1,0,0,1,1,1,0,0,1,1,1,0,0,3,5,4,4,3,4,1,0,0,1,0,1,0,5,Rarely,3,3,138.0,Yes
20,Female,African,Undergraduate,MAHE_Dubai,Downtown_JBR_JLT,RTA_Bus,64,18.6,5,73.0,0,1,0,0,1,0,0,1,3,1,2,5,2,Less_20min,100.0,1,0,1,1,1,0,1,0,1,1,0,1,1,0,1,0,3,2,3,3,4,4,1,1,1,0,0,1,0,2,3_5_weekly,4,5,59.0,No
22,Male,Arab_GCC,Undergraduate,MAHE_Dubai,Sharjah,Taxi_RideHail,120,46.7,6plus,475.0,1,1,0,0,0,0,0,5,5,2,1,1,2,31_45min,544.0,1,0,1,0,0,1,1,0,0,0,0,1,1,0,1,1,2,4,4,4,3,3,0,1,1,1,1,0,0,5,3_5_weekly,4,3,160.0,Maybe
20,Female,South_Asian,Foundation,RIT_Dubai,Ajman_Northern,Own_Car,120,56.9,5,288.0,0,1,0,1,0,0,0,2,3,2,5,2,3,Less_20min,366.0,0,0,1,0,1,0,1,1,1,0,1,1,0,1,1,0,2,4,3,5,5,5,1,1,1,1,0,1,0,3,3_5_weekly,4,4,49.0,Maybe
24,Male,Other,Postgraduate,RIT_Dubai,Deira_BurDubai,Taxi_RideHail,92,29.3,3_4,335.0,0,1,0,0,0,0,1,2,4,3,3,1,3,31_45min,423.0,1,1,1,0,1,0,1,0,1,0,1,1,1,1,1,0,3,3,3,3,4,3,1,1,0,1,0,0,0,2,Never,5,5,137.0,No
22,Female,South_Asian,Postgraduate,Other_DIAC,Sharjah,RTA_Bus,119,39.3,5,114.0,0,1,0,0,1,1,0,1,5,2,2,4,3,46_60min,106.0,1,1,0,0,0,1,0,0,1,0,1,1,1,1,0,1,2,2,5,4,2,3,1,1,1,0,1,1,0,4,Daily,5,5,149.0,Maybe
26,Male,South_Asian,Undergraduate,MAHE_Dubai,Sharjah,Carpool,109,38.8,5,119.0,0,1,0,0,0,1,1,1,5,2,3,3,5,20_30min,115.0,1,0,0,0,0,0,1,0,0,0,1,0,1,1,0,1,2,2,4,1,3,3,1,1,0,0,0,0,0,5,Rarely,4,5,97.0,Yes
24,Male,South_Asian,Undergraduate,Other_DIAC,Downtown_JBR_JLT,University_Shuttle,95,20.6,3_4,66.0,0,1,1,0,1,1,0,1,4,3,1,3,4,31_45min,100.0,0,1,0,0,1,0,1,1,1,0,1,1,0,0,1,0,3,4,3,5,4,2,1,1,1,0,1,0,0,4,3_5_weekly,3,4,17.0,Yes
19,Female,South_Asian,Undergraduate,MAHE_Dubai,Downtown_JBR_JLT,Carpool,89,22.8,3_4,86.0,0,1,0,1,0,1,0,1,3,3,4,1,5,Less_20min,100.0,1,0,0,0,0,0,1,1,1,1,0,0,0,1,1,0,4,4,4,4,2,5,1,1,0,1,0,1,0,4,1_2_weekly,4,5,126.0,Maybe
21,Male,South_Asian,Undergraduate,Murdoch_Dubai,Downtown_JBR_JLT,Carpool,49,18.5,3_4,68.0,0,1,0,1,0,0,0,3,4,1,5,2,2,20_30min,100.0,0,0,1,1,1,1,0,1,1,0,0,0,1,0,1,1,2,3,5,2,2,2,1,0,1,1,1,0,0,4,Never,4,3,145.0,Maybe
26,Male,South_Asian,Undergraduate,Murdoch_Dubai,On_Campus,University_Shuttle,5,1.6,5,50.0,1,0,0,0,0,0,0,5,1,1,3,2,2,20_30min,100.0,1,0,0,1,0,1,0,0,1,0,1,0,1,1,0,1,2,4,3,3,2,2,1,1,1,0,0,0,0,4,Rarely,3,3,107.0,Maybe
29,Female,Arab_NonGCC,Undergraduate,RIT_Dubai,Ajman_Northern,Own_Car,120,56.3,5,381.0,0,1,0,1,0,0,1,1,3,2,3,3,2,31_45min,294.0,1,1,1,1,0,1,1,1,1,1,1,0,1,0,0,0,5,3,4,4,2,5,1,0,0,0,0,1,0,2,3_5_weekly,4,3,66.0,Maybe
19,Female,Southeast_Asian,Undergraduate,UOWD,Downtown_JBR_JLT,Metro,63,21.4,5,68.0,0,1,0,0,1,1,0,2,5,1,2,5,5,Less_20min,100.0,1,1,0,0,1,1,0,0,0,1,1,1,1,1,1,1,4,5,3,5,3,2,1,1,1,1,0,1,0,5,1_2_weekly,5,4,142.0,Maybe
27,Male,Arab_GCC,Undergraduate,RIT_Dubai,Ajman_Northern,Sub_Van,120,56.4,6plus,286.0,0,1,0,0,0,1,0,1,4,1,3,2,3,31_45min,235.0,1,1,0,0,0,0,1,0,0,0,1,1,1,1,1,0,2,3,3,5,4,5,1,0,0,1,0,1,0,2,Never,5,5,145.0,No
26,Male,Arab_NonGCC,Foundation,UOWD,Downtown_JBR_JLT,RTA_Bus,81,24.4,5,70.0,0,1,0,1,0,1,0,2,5,3,5,3,3,Less_20min,100.0,1,0,0,1,0,0,1,0,1,0,1,1,1,1,0,1,3,3,3,2,2,4,1,0,1,1,0,0,0,5,1_2_weekly,3,2,140.0,Yes
27,Male,Arab_GCC,Postgraduate,RIT_Dubai,Downtown_JBR_JLT,Own_Car,95,28.6,3_4,224.0,0,1,0,0,0,1,0,2,4,3,1,2,3,31_45min,240.0,1,1,1,0,0,0,1,0,0,0,1,1,0,0,1,1,5,3,3,2,4,3,1,0,1,1,1,0,0,5,Rarely,3,3,62.0,Maybe
22,Female,Arab_GCC,Undergraduate,MAHE_Dubai,Sharjah,Taxi_RideHail,120,41.5,3_4,403.0,1,1,0,1,0,0,1,3,4,2,4,1,2,Less_20min,318.0,0,1,0,0,0,0,1,1,0,1,0,1,1,1,1,0,5,5,5,4,4,2,1,0,0,0,1,0,0,5,1_2_weekly,3,3,218.0,Yes
19,Male,South_Asian,Undergraduate,MAHE_Dubai,Sharjah,Taxi_RideHail,93,30.6,3_4,334.0,0,1,0,0,0,0,1,1,5,2,1,2,1,46_60min,266.0,1,1,1,1,1,1,0,0,0,0,0,1,1,1,1,1,5,4,5,1,5,5,1,0,0,0,1,0,0,2,1_2_weekly,3,4,105.0,Maybe
21,Male,South_Asian,Postgraduate,RIT_Dubai,Al_Barsha,RTA_Bus,77,18.8,3_4,68.0,0,1,1,0,0,1,0,2,4,5,3,2,3,Less_20min,100.0,1,1,1,1,1,0,1,1,0,0,0,0,1,0,1,1,2,3,4,5,4,1,1,1,1,1,1,0,0,3,3_5_weekly,3,4,27.0,Maybe
29,Male,African,Undergraduate,MAHE_Dubai,Deira_BurDubai,Taxi_RideHail,100,25.7,5,266.0,0,1,0,1,0,1,1,2,4,3,5,2,4,20_30min,311.0,0,1,1,1,0,0,1,0,0,0,1,0,1,0,1,1,3,4,4,1,3,2,1,0,0,1,1,1,0,4,Rarely,4,4,80.0,Yes
29,Male,Arab_GCC,Postgraduate,RIT_Dubai,Ajman_Northern,Carpool,120,49.0,5,170.0,0,1,0,0,0,1,0,2,3,1,1,2,3,20_30min,202.0,0,1,0,1,0,1,0,0,0,0,1,1,1,0,0,1,5,3,3,1,3,2,0,0,1,0,0,1,0,3,Rarely,3,3,112.0,Maybe
24,Female,European_Western,Postgraduate,Other_DIAC,Downtown_JBR_JLT,University_Shuttle,120,29.2,3_4,72.0,0,1,0,1,1,1,1,3,4,3,4,4,5,31_45min,100.0,0,0,0,0,0,1,1,0,1,0,1,1,1,1,1,0,4,4,3,4,2,5,1,0,1,0,0,0,0,3,1_2_weekly,3,4,134.0,Yes
29,Male,Southeast_Asian,Undergraduate,Murdoch_Dubai,Al_Barsha,Carpool,53,13.7,5,50.0,0,1,0,0,0,0,0,1,4,3,3,3,1,20_30min,100.0,0,1,1,0,1,0,1,0,1,0,0,1,1,1,1,1,5,3,3,3,4,1,0,1,0,0,0,1,0,3,Rarely,5,4,129.0,No
30,Female,South_Asian,Undergraduate,Other_DIAC,Al_Barsha,University_Shuttle,74,15.9,5,53.0,0,1,1,0,1,1,0,3,5,5,1,4,3,31_45min,100.0,1,1,0,0,1,0,1,1,0,1,0,1,0,0,1,1,5,4,5,3,3,1,1,0,1,1,1,1,0,4,Never,2,2,23.0,Yes
25,Male,Other,Undergraduate,MAHE_Dubai,Ajman_Northern,RTA_Bus,120,54.6,3_4,208.0,0,1,1,0,1,0,0,3,5,3,3,4,1,20_30min,176.0,0,0,0,0,1,0,1,1,1,0,1,1,1,1,0,1,4,2,3,3,3,4,1,0,1,0,1,0,0,3,Never,2,3,73.0,Maybe
20,Male,Other,Undergraduate,UOWD,On_Campus,Walking_Cycling,10,2.8,3_4,50.0,0,1,0,0,0,0,0,1,4,2,2,1,1,31_45min,100.0,1,0,0,0,1,1,1,0,1,0,0,0,1,1,1,1,5,5,4,2,3,2,1,0,1,1,0,1,0,4,3_5_weekly,3,4,72.0,Maybe
18,Male,Arab_NonGCC,Undergraduate,UOWD,Al_Barsha,University_Shuttle,85,18.7,5,50.0,0,1,1,0,0,0,0,1,3,3,3,1,3,Less_20min,100.0,1,1,1,0,0,1,0,1,1,0,1,1,0,1,1,0,5,3,3,5,2,3,1,0,1,1,1,1,0,4,1_2_weekly,4,4,135.0,Maybe
21,Male,South_Asian,Postgraduate,RIT_Dubai,On_Campus,Own_Car,6,1.5,1_2,50.0,1,0,0,0,0,0,0,3,2,1,3,1,2,20_30min,100.0,1,1,0,0,0,0,1,1,0,0,1,1,1,0,1,1,4,5,5,2,3,2,0,1,0,1,1,1,0,4,Never,4,5,0.0,No
19,Female,European_Western,Undergraduate,UOWD,Al_Barsha,RTA_Bus,60,18.7,6plus,65.0,0,1,1,1,1,0,0,1,5,5,4,3,3,20_30min,100.0,1,0,0,0,1,0,1,1,0,1,0,1,1,1,0,0,2,3,3,5,4,3,1,1,0,0,1,1,0,5,3_5_weekly,4,4,111.0,Yes
25,Female,Southeast_Asian,Undergraduate,Murdoch_Dubai,Al_Barsha,Metro,45,15.0,1_2,52.0,1,1,0,0,1,1,0,3,4,1,1,3,4,Less_20min,100.0,1,1,0,0,0,1,1,1,1,0,0,0,1,0,1,1,4,2,5,5,3,3,1,1,0,1,1,0,0,5,Daily,2,3,93.0,Yes
21,Female,Arab_GCC,Foundation,MAHE_Dubai,Deira_BurDubai,RTA_Bus,103,35.8,3_4,134.0,0,1,1,1,1,0,1,2,4,3,3,5,3,Less_20min,100.0,1,1,0,1,0,0,1,1,1,0,1,0,0,1,1,1,2,2,5,5,3,5,1,1,0,0,1,1,0,3,Never,2,3,138.0,Yes
19,Female,African,Postgraduate,RIT_Dubai,Deira_BurDubai,Own_Car,120,39.3,5,322.0,0,1,0,0,0,0,0,3,3,2,2,2,1,More_60min,337.0,1,1,0,0,1,0,1,0,0,1,1,0,0,0,1,0,2,5,5,4,2,2,1,1,1,1,1,1,0,5,1_2_weekly,3,2,199.0,Maybe
23,Male,African,Undergraduate,MAHE_Dubai,Downtown_JBR_JLT,Own_Car,114,26.7,6plus,151.0,0,1,0,0,0,1,1,3,3,1,3,3,5,More_60min,187.0,1,1,1,1,0,0,0,1,1,0,1,1,1,0,1,0,2,3,5,3,4,5,1,1,1,1,1,1,0,4,1_2_weekly,4,5,99.0,Maybe
23,Female,African,Undergraduate,Other_DIAC,Sharjah,RTA_Bus,120,47.3,3_4,153.0,0,1,1,1,0,0,1,1,3,3,4,3,3,31_45min,108.0,1,1,1,0,1,1,0,1,1,1,1,1,1,1,0,0,4,4,4,2,3,4,1,1,1,1,0,1,0,5,1_2_weekly,4,4,146.0,Yes
27,Male,African,Undergraduate,RIT_Dubai,Ajman_Northern,RTA_Bus,120,40.0,3_4,128.0,1,1,1,0,0,0,1,4,5,5,1,2,2,20_30min,128.0,1,0,1,1,0,0,1,0,1,0,0,1,1,1,0,1,4,3,5,2,4,3,1,0,0,1,1,1,0,4,Never,3,3,112.0,Yes
21,Female,African,Postgraduate,RIT_Dubai,Al_Barsha,Carpool,70,19.2,1_2,66.0,1,1,0,1,0,0,0,3,4,2,5,3,2,20_30min,100.0,1,0,0,1,0,0,1,1,0,1,1,1,0,0,1,1,2,4,4,4,4,1,0,1,1,1,1,1,0,2,1_2_weekly,3,2,10.0,Maybe
23,Male,Arab_NonGCC,Undergraduate,Murdoch_Dubai,Al_Barsha,Metro,53,20.3,3_4,62.0,0,1,0,0,0,1,0,3,5,1,1,1,3,31_45min,100.0,1,1,1,0,0,0,1,1,1,0,1,0,1,1,1,0,4,5,4,5,3,3,1,0,1,1,0,1,0,5,Never,5,5,25.0,Maybe
30,Male,Arab_NonGCC,Undergraduate,MAHE_Dubai,Ajman_Northern,Own_Car,120,40.8,3_4,214.0,0,1,0,1,0,1,0,2,4,3,5,1,5,Less_20min,179.0,0,1,0,1,0,1,1,0,1,0,1,1,0,0,1,1,2,5,3,3,2,4,1,0,0,1,0,1,0,3,Rarely,4,5,123.0,Maybe
19,Male,South_Asian,Foundation,UOWD,On_Campus,Walking_Cycling,10,2.7,5,50.0,0,0,0,0,0,0,0,2,1,2,3,3,3,More_60min,100.0,1,0,0,1,1,1,1,0,0,0,0,1,1,0,1,0,4,2,3,1,4,3,1,0,0,1,1,1,0,2,1_2_weekly,5,4,50.0,No
27,Male,European_Western,Undergraduate,Other_DIAC,Sharjah,Carpool,120,35.1,3_4,128.0,1,1,0,0,0,1,0,4,4,2,1,1,5,20_30min,138.0,0,1,0,1,0,0,1,1,1,0,0,0,1,1,0,0,3,4,5,1,5,5,0,1,1,0,0,0,0,2,1_2_weekly,4,4,106.0,No
29,Male,South_Asian,Postgraduate,MAHE_Dubai,Sharjah,Metro,120,43.3,1_2,153.0,1,1,0,0,1,0,1,4,3,2,3,4,1,More_60min,145.0,0,1,0,0,0,0,1,0,1,0,0,1,1,1,1,0,4,3,3,4,3,2,1,0,1,1,1,0,0,5,3_5_weekly,4,5,105.0,Maybe
19,Male,South_Asian,Foundation,RIT_Dubai,Sharjah,Own_Car,120,46.0,5,365.0,1,1,0,0,0,0,0,4,3,1,2,3,3,20_30min,392.0,1,0,0,0,0,0,0,0,1,0,1,0,1,1,1,0,4,2,5,3,4,1,1,0,0,0,1,0,0,5,Rarely,3,2,52.0,Maybe
27,Female,Southeast_Asian,Undergraduate,Murdoch_Dubai,On_Campus,Walking_Cycling,9,2.3,3_4,50.0,1,0,0,0,0,1,0,4,1,1,3,2,5,31_45min,100.0,0,0,0,0,0,0,1,1,0,1,0,1,1,0,0,1,4,5,3,1,4,5,0,0,0,1,0,1,0,3,1_2_weekly,5,5,70.0,Maybe
21,Male,South_Asian,Postgraduate,Other_DIAC,Deira_BurDubai,Sub_Van,108,26.4,3_4,93.0,0,1,0,0,0,0,0,1,5,2,1,3,3,Less_20min,100.0,1,1,0,0,0,1,1,1,1,0,1,1,0,1,1,0,2,2,5,1,4,2,1,0,1,1,0,1,0,2,Never,4,4,111.0,No
25,Male,Southeast_Asian,Undergraduate,MAHE_Dubai,Ajman_Northern,RTA_Bus,120,51.9,3_4,177.0,0,1,1,0,0,0,0,2,3,4,2,3,2,46_60min,184.0,1,0,1,1,0,0,1,0,0,0,1,1,1,0,1,1,2,3,3,2,3,1,1,0,1,0,1,0,0,4,1_2_weekly,4,4,7.0,Maybe
24,Female,European_Western,Postgraduate,UOWD,Al_Barsha,Taxi_RideHail,77,17.5,6plus,161.0,0,1,0,1,0,1,0,3,4,1,4,3,5,20_30min,170.0,0,1,0,1,1,0,1,1,0,0,0,0,1,0,0,1,3,3,3,3,5,4,1,0,0,0,0,1,0,5,1_2_weekly,5,5,69.0,Maybe
29,Female,South_Asian,Undergraduate,UOWD,Ajman_Northern,Metro,120,58.0,3_4,235.0,0,1,0,0,1,0,0,3,5,2,2,5,2,31_45min,217.0,1,1,0,1,1,0,1,1,0,1,1,1,1,1,0,1,3,5,4,1,4,3,0,1,0,1,0,0,0,2,1_2_weekly,5,5,28.0,No
26,Male,South_Asian,Postgraduate,MAHE_Dubai,Ajman_Northern,RTA_Bus,120,48.1,5,176.0,1,1,1,0,0,0,1,3,4,5,1,2,1,46_60min,153.0,0,1,0,0,0,1,1,0,0,0,1,1,0,1,0,1,5,2,3,2,4,1,0,1,0,0,1,0,0,2,Rarely,3,2,126.0,Maybe
25,Male,South_Asian,Undergraduate,UOWD,Other,Taxi_RideHail,72,18.0,5,186.0,0,1,0,0,0,0,0,3,5,3,3,2,2,Less_20min,161.0,0,0,0,0,0,0,1,1,0,0,1,1,0,1,0,0,3,4,3,3,2,4,1,0,1,0,1,0,0,4,1_2_weekly,5,5,126.0,No
22,Female,South_Asian,Postgraduate,Other_DIAC,Al_Barsha,RTA_Bus,92,19.5,1_2,60.0,1,1,0,1,0,0,0,3,4,1,3,1,3,20_30min,100.0,1,0,0,1,0,0,1,1,0,0,1,0,1,0,1,0,2,4,5,5,3,2,1,1,0,0,1,0,0,2,1_2_weekly,2,1,35.0,Maybe
30,Male,South_Asian,Postgraduate,RIT_Dubai,Downtown_JBR_JLT,Carpool,106,23.0,6plus,100.0,0,1,0,0,0,0,0,3,4,1,2,1,3,20_30min,100.0,1,0,1,1,1,0,1,1,0,0,1,0,1,1,1,0,3,4,4,3,3,1,1,1,1,0,0,0,0,5,Never,3,2,48.0,Maybe
19,Female,South_Asian,Undergraduate,Murdoch_Dubai,Sharjah,Sub_Van,120,42.9,3_4,144.0,0,1,0,1,0,0,0,2,5,2,3,3,1,20_30min,118.0,1,1,0,1,1,0,1,0,0,1,0,1,1,1,1,1,3,3,5,4,4,4,1,0,1,1,1,0,0,4,Rarely,5,5,105.0,No
22,Female,South_Asian,Postgraduate,MAHE_Dubai,Deira_BurDubai,Carpool,110,34.7,1_2,110.0,1,1,0,0,0,0,0,5,5,2,3,1,3,20_30min,119.0,1,1,1,0,0,0,1,1,0,1,1,1,1,0,0,0,4,2,3,2,2,2,0,1,0,1,0,1,0,5,Rarely,4,4,111.0,Maybe
25,Male,Arab_GCC,Undergraduate,UOWD,Al_Barsha,University_Shuttle,103,20.9,5,55.0,1,1,0,0,0,0,0,4,3,3,3,2,1,20_30min,100.0,1,1,1,1,0,0,0,1,1,0,1,0,1,1,1,0,3,4,5,5,4,5,0,0,1,0,1,0,0,3,Rarely,4,5,99.0,No
27,Male,Arab_NonGCC,Undergraduate,RIT_Dubai,Ajman_Northern,Carpool,120,52.0,5,157.0,0,1,0,0,0,0,1,1,3,1,3,1,3,20_30min,146.0,0,1,0,1,0,0,1,1,1,0,0,0,1,1,1,0,5,2,4,2,4,3,1,0,0,0,1,1,0,2,Rarely,4,5,150.0,Maybe
26,Female,South_Asian,Undergraduate,Murdoch_Dubai,Deira_BurDubai,Metro,120,32.5,5,101.0,0,1,0,0,0,0,1,2,4,3,1,1,3,31_45min,100.0,1,1,0,1,1,0,1,1,1,1,0,0,1,1,0,0,4,5,5,2,3,4,1,1,1,0,0,0,0,5,1_2_weekly,3,4,130.0,Maybe
29,Female,South_Asian,Undergraduate,Murdoch_Dubai,Deira_BurDubai,Carpool,78,27.1,3_4,119.0,0,1,0,1,0,1,0,2,4,3,4,1,3,31_45min,100.0,1,0,1,0,1,0,1,0,0,1,1,1,1,1,1,0,2,4,3,1,2,5,1,1,0,0,0,1,0,5,Daily,4,5,63.0,Yes
29,Female,South_Asian,Undergraduate,MAHE_Dubai,On_Campus,University_Shuttle,5,1.2,5,50.0,1,0,1,1,1,0,0,5,3,5,5,4,3,20_30min,100.0,1,0,0,0,1,0,0,0,0,1,1,1,1,1,1,1,5,2,5,3,4,2,1,1,1,1,1,1,0,3,Rarely,2,3,49.0,Yes
29,Female,Southeast_Asian,Foundation,RIT_Dubai,Downtown_JBR_JLT,Carpool,90,19.9,5,68.0,1,1,0,0,0,0,0,4,5,1,1,1,3,46_60min,100.0,0,1,0,1,1,1,1,1,1,0,1,0,1,1,1,0,2,3,3,2,3,1,1,1,0,1,1,0,0,2,3_5_weekly,2,2,90.0,Maybe
30,Female,Southeast_Asian,Undergraduate,RIT_Dubai,Downtown_JBR_JLT,Own_Car,97,20.1,3_4,118.0,0,1,0,1,0,1,0,3,5,2,5,2,5,46_60min,131.0,1,1,0,0,0,1,1,0,1,0,1,0,1,0,1,0,5,5,4,2,4,3,1,1,1,0,0,1,0,5,Rarely,5,5,123.0,Maybe
26,Female,Arab_NonGCC,Postgraduate,MAHE_Dubai,Ajman_Northern,Own_Car,120,52.8,3_4,313.0,1,1,0,1,0,0,0,4,3,3,3,2,2,20_30min,359.0,1,1,0,0,1,0,1,0,1,1,1,0,1,1,1,0,4,5,4,4,4,2,1,1,0,0,1,0,0,4,3_5_weekly,4,3,119.0,Maybe
30,Female,European_Western,Undergraduate,MAHE_Dubai,Deira_BurDubai,University_Shuttle,120,36.1,1_2,92.0,0,1,0,0,1,1,0,2,4,3,2,3,4,20_30min,110.0,0,0,0,0,1,0,1,0,1,1,1,1,1,0,1,1,5,5,5,4,2,4,1,1,0,0,1,1,0,5,1_2_weekly,4,3,111.0,Maybe
30,Female,South_Asian,Postgraduate,Murdoch_Dubai,Al_Barsha,Taxi_RideHail,66,17.3,3_4,127.0,1,1,0,0,0,1,0,5,3,2,1,2,5,20_30min,116.0,1,0,1,1,1,0,1,1,0,0,1,0,0,1,1,0,5,5,4,4,2,3,1,1,1,0,0,0,0,5,Daily,3,3,3.0,Yes
18,Female,Southeast_Asian,Foundation,UOWD,Ajman_Northern,Metro,120,56.6,5,241.0,0,1,0,0,0,0,0,3,5,2,1,1,2,31_45min,178.0,1,0,0,0,1,1,1,1,1,1,1,0,1,1,1,1,3,3,5,2,2,5,0,0,1,1,0,0,0,5,1_2_weekly,5,4,139.0,Maybe
26,Female,South_Asian,Undergraduate,Other_DIAC,Sharjah,Own_Car,120,49.8,3_4,285.0,1,1,0,1,0,0,1,4,5,2,4,3,2,31_45min,306.0,0,1,1,1,0,1,1,0,1,0,1,0,1,1,1,0,2,3,3,5,4,3,0,0,1,0,1,0,0,5,Rarely,4,5,116.0,Yes
24,Female,Other,Postgraduate,MAHE_Dubai,Al_Barsha,Carpool,85,20.2,6plus,73.0,0,1,0,1,0,1,0,2,5,2,4,2,3,Less_20min,100.0,0,1,1,1,1,1,1,1,1,0,1,1,1,1,1,0,4,4,5,3,5,5,1,0,0,0,0,1,0,2,3_5_weekly,3,2,59.0,Maybe
26,Female,African,Undergraduate,RIT_Dubai,Ajman_Northern,Own_Car,120,53.9,3_4,273.0,0,1,0,1,0,0,1,1,3,2,4,2,1,31_45min,284.0,1,0,0,0,1,0,1,1,1,0,1,0,0,1,1,1,5,3,3,2,2,2,1,0,1,0,0,1,0,5,1_2_weekly,3,4,58.0,Maybe
25,Male,Southeast_Asian,Postgraduate,UOWD,Other,RTA_Bus,87,23.3,5,90.0,0,1,0,1,0,0,0,1,5,3,3,3,2,20_30min,103.0,1,0,0,1,0,0,1,1,0,0,1,0,1,1,1,1,2,3,4,1,5,1,1,1,1,1,1,0,0,3,Never,5,5,15.0,No
18,Female,African,Undergraduate,UOWD,Ajman_Northern,Own_Car,120,49.0,3_4,360.0,0,1,0,0,0,1,1,1,4,2,2,3,3,Less_20min,421.0,0,1,1,1,1,0,1,0,1,1,1,0,0,1,1,0,2,5,3,5,5,3,0,0,1,1,0,1,0,5,1_2_weekly,3,2,216.0,Yes
29,Female,Arab_NonGCC,Postgraduate,MAHE_Dubai,Ajman_Northern,Metro,108,41.7,3_4,179.0,0,1,0,1,0,0,1,1,3,1,4,2,2,31_45min,158.0,1,1,1,1,0,1,1,1,0,0,1,0,1,1,0,0,3,3,3,5,5,1,1,1,0,1,1,1,0,4,Rarely,4,3,115.0,Maybe
25,Female,Arab_NonGCC,Undergraduate,Other_DIAC,Other,Metro,70,20.0,3_4,80.0,0,1,0,1,1,0,0,3,5,3,5,5,3,31_45min,100.0,0,1,0,1,1,0,0,0,1,1,1,0,1,1,0,0,2,5,3,3,3,1,1,1,1,1,1,1,0,4,Never,3,2,95.0,Yes
25,Female,Southeast_Asian,Undergraduate,MAHE_Dubai,Al_Barsha,University_Shuttle,68,21.1,3_4,55.0,0,1,0,0,0,0,0,3,3,3,1,3,1,20_30min,100.0,1,0,0,1,0,0,1,1,1,1,0,0,1,1,1,1,4,2,3,5,4,3,1,0,1,0,1,1,0,5,Never,5,5,15.0,Maybe
28,Female,South_Asian,Postgraduate,MAHE_Dubai,Sharjah,RTA_Bus,120,46.2,5,134.0,0,1,1,1,0,0,1,1,3,4,3,2,1,20_30min,160.0,1,0,0,1,1,1,1,0,0,1,1,1,1,1,1,0,3,2,3,3,2,3,0,1,0,1,1,1,0,5,Never,2,2,39.0,Yes
20,Male,African,Undergraduate,MAHE_Dubai,Other,RTA_Bus,52,15.4,6plus,56.0,1,1,0,0,1,0,0,3,5,1,3,3,3,More_60min,100.0,1,0,1,0,1,0,1,1,0,0,1,0,1,0,1,1,5,2,5,5,4,1,1,1,0,1,0,1,0,3,1_2_weekly,4,3,69.0,Maybe
18,Male,Arab_GCC,Undergraduate,Murdoch_Dubai,Al_Barsha,Taxi_RideHail,81,16.7,5,148.0,1,1,0,0,0,1,0,4,5,3,1,1,3,31_45min,191.0,0,1,0,0,0,1,1,1,1,0,1,0,1,1,0,0,4,2,3,3,4,4,1,0,1,0,1,1,0,3,Never,2,2,40.0,Maybe
25,Male,South_Asian,Undergraduate,RIT_Dubai,Ajman_Northern,University_Shuttle,120,56.3,3_4,165.0,0,1,0,0,0,1,0,3,3,2,1,3,3,31_45min,116.0,0,1,1,1,1,0,1,1,1,0,1,1,0,1,0,1,4,2,3,4,3,4,1,0,0,1,0,0,0,2,Rarely,4,5,65.0,No
20,Male,South_Asian,Undergraduate,Murdoch_Dubai,Sharjah,Metro,120,31.3,1_2,85.0,1,1,0,0,0,0,0,3,3,3,1,1,3,Less_20min,100.0,0,1,1,0,0,0,1,1,1,0,0,1,1,0,1,0,4,2,3,4,3,3,0,1,0,0,1,1,0,2,Rarely,3,3,34.0,No
20,Male,South_Asian,Undergraduate,UOWD,Sharjah,Sub_Van,120,37.7,3_4,127.0,0,1,0,0,0,0,1,1,5,3,3,1,2,Less_20min,108.0,0,0,0,0,1,0,0,1,0,0,1,1,1,1,0,1,3,2,3,5,3,1,1,1,1,1,1,0,0,4,Daily,5,4,52.0,Maybe
18,Female,South_Asian,Undergraduate,Other_DIAC,Ajman_Northern,University_Shuttle,120,57.0,5,164.0,0,1,1,0,0,1,0,3,4,5,2,3,5,20_30min,127.0,1,1,0,1,0,1,1,1,1,1,1,0,1,1,0,0,2,5,3,5,4,1,1,0,1,0,0,1,0,5,Never,4,5,98.0,Yes
28,Male,South_Asian,Undergraduate,RIT_Dubai,Other,Own_Car,77,20.1,5,137.0,0,1,0,1,0,0,0,2,3,3,4,1,1,20_30min,171.0,1,0,1,1,0,1,0,0,1,0,1,1,1,1,1,0,4,5,3,3,5,2,1,0,0,1,0,1,0,5,Rarely,5,4,134.0,Maybe
22,Female,South_Asian,Undergraduate,RIT_Dubai,Downtown_JBR_JLT,Taxi_RideHail,55,18.9,6plus,200.0,0,1,0,0,0,0,0,2,3,2,2,2,2,31_45min,260.0,0,1,1,0,1,0,0,1,0,1,0,0,1,0,1,0,2,5,4,3,4,1,1,1,1,1,0,1,0,3,Rarely,3,2,58.0,Maybe
27,Male,South_Asian,Postgraduate,Murdoch_Dubai,On_Campus,Own_Car,7,2.1,1_2,50.0,0,1,0,0,0,1,0,3,4,1,2,1,5,20_30min,100.0,0,0,0,0,1,1,0,0,1,0,0,0,1,1,1,1,2,5,5,2,3,4,1,0,1,0,0,1,0,3,3_5_weekly,3,2,104.0,Maybe
24,Female,South_Asian,Undergraduate,UOWD,Downtown_JBR_JLT,Taxi_RideHail,110,28.3,5,269.0,0,1,0,1,0,1,0,1,5,3,4,3,4,20_30min,195.0,0,0,1,1,0,0,1,1,1,1,1,0,1,0,1,0,4,3,3,4,4,2,1,0,1,0,1,1,0,2,3_5_weekly,3,3,20.0,Maybe
27,Male,African,Undergraduate,UOWD,Al_Barsha,Taxi_RideHail,83,17.9,5,145.0,1,1,0,0,0,1,0,5,5,3,3,2,3,20_30min,125.0,0,1,1,1,0,0,1,1,1,0,1,1,1,0,1,1,2,3,5,2,3,4,1,1,0,1,0,0,0,2,Never,3,2,81.0,Maybe
26,Male,Arab_GCC,Undergraduate,UOWD,Deira_BurDubai,Carpool,105,28.4,5,87.0,0,1,0,0,0,0,1,2,4,2,1,2,1,20_30min,104.0,1,0,0,0,1,0,1,1,0,0,0,1,1,1,0,1,3,4,4,2,3,5,0,0,0,0,1,1,0,4,1_2_weekly,5,5,138.0,Maybe
29,Female,South_Asian,Undergraduate,MAHE_Dubai,Sharjah,Metro,120,37.7,5,128.0,1,1,0,0,1,1,1,5,5,3,3,4,3,More_60min,112.0,1,1,1,0,0,0,1,1,1,0,0,1,1,1,1,0,3,3,4,1,2,3,1,0,0,1,0,0,0,3,1_2_weekly,2,3,4.0,Yes
24,Female,South_Asian,Postgraduate,UOWD,Sharjah,Carpool,120,39.0,5,124.0,1,1,0,1,0,0,0,3,5,3,3,2,2,31_45min,100.0,0,1,1,1,1,0,1,1,0,1,1,1,1,1,1,0,5,5,3,3,5,5,1,1,1,0,0,1,0,5,Rarely,3,4,40.0,Yes
26,Male,Southeast_Asian,Undergraduate,MAHE_Dubai,Sharjah,University_Shuttle,118,41.6,5,102.0,0,1,1,0,0,0,1,1,3,4,3,1,1,Less_20min,100.0,1,1,0,0,1,0,1,1,1,0,1,0,0,1,0,1,2,5,5,1,3,3,1,0,0,1,1,1,0,3,3_5_weekly,4,3,20.0,Maybe
25,Female,South_Asian,Undergraduate,Murdoch_Dubai,Other,Sub_Van,120,29.0,3_4,113.0,0,1,0,1,0,0,1,1,3,3,3,1,1,31_45min,108.0,1,0,0,1,0,0,0,0,0,1,1,0,0,1,1,1,2,2,3,1,2,4,1,1,0,1,1,1,0,3,1_2_weekly,4,5,80.0,Maybe
29,Male,African,Postgraduate,Murdoch_Dubai,Ajman_Northern,Metro,120,42.0,5,132.0,0,1,0,0,0,1,1,2,3,2,1,2,5,31_45min,166.0,0,0,0,1,0,1,1,0,1,0,1,1,1,0,1,0,5,2,4,2,5,4,0,0,1,1,0,0,0,3,1_2_weekly,5,5,102.0,Maybe
19,Male,Other,Postgraduate,UOWD,Ajman_Northern,Own_Car,120,57.8,3_4,307.0,1,1,0,0,0,0,1,3,4,3,2,3,3,31_45min,268.0,1,1,0,1,0,1,1,1,1,0,1,0,1,1,1,0,3,4,4,1,3,5,1,0,0,1,0,1,0,2,1_2_weekly,2,3,247.0,Maybe
18,Female,South_Asian,Undergraduate,RIT_Dubai,On_Campus,Walking_Cycling,5,1.0,5,50.0,0,0,0,0,0,0,0,3,2,3,1,2,1,Less_20min,100.0,0,0,0,0,1,1,1,1,0,0,1,1,0,1,1,1,5,3,5,3,5,3,1,1,1,0,1,0,0,5,1_2_weekly,5,5,11.0,No
24,Female,Arab_NonGCC,Postgraduate,MAHE_Dubai,Other,Taxi_RideHail,53,19.3,3_4,156.0,1,1,0,1,0,0,0,3,5,3,3,1,1,20_30min,119.0,1,0,0,1,1,0,1,1,0,1,0,1,1,0,1,0,5,5,3,2,5,3,1,0,0,1,0,1,0,5,3_5_weekly,3,3,130.0,Yes
24,Male,South_Asian,Foundation,RIT_Dubai,Other,University_Shuttle,43,10.7,5,50.0,0,1,1,1,1,0,0,1,3,4,4,5,1,Less_20min,100.0,0,0,0,1,0,0,1,1,0,0,1,0,1,0,0,0,5,3,5,3,4,2,1,0,1,1,0,1,0,2,3_5_weekly,3,2,68.0,Maybe
25,Female,South_Asian,Undergraduate,RIT_Dubai,Downtown_JBR_JLT,Carpool,85,22.7,6plus,91.0,0,1,0,0,0,0,0,3,3,2,1,1,2,46_60min,102.0,0,1,1,0,1,0,1,0,0,1,0,1,1,0,1,1,2,4,5,5,2,1,1,1,1,1,1,1,0,2,Rarely,5,4,69.0,No
22,Female,South_Asian,Postgraduate,MAHE_Dubai,On_Campus,University_Shuttle,7,2.1,5,50.0,0,0,0,1,1,0,0,2,1,1,4,4,3,31_45min,100.0,0,1,0,0,1,0,1,1,1,0,1,0,0,1,1,1,2,2,4,1,5,2,1,1,0,1,1,0,0,5,Never,5,5,142.0,Maybe
20,Female,European_Western,Postgraduate,Murdoch_Dubai,On_Campus,Walking_Cycling,9,2.0,5,50.0,0,0,0,1,0,1,0,2,1,1,3,3,4,20_30min,100.0,1,0,0,1,1,0,1,1,1,1,0,0,1,1,1,0,2,5,5,2,4,4,0,1,0,0,0,0,0,4,1_2_weekly,5,4,48.0,No
29,Male,Arab_NonGCC,Undergraduate,UOWD,Al_Barsha,Taxi_RideHail,52,13.7,5,119.0,0,1,0,0,0,1,0,3,4,2,1,2,3,20_30min,143.0,1,1,0,1,0,0,1,1,1,0,1,0,1,1,0,0,2,2,4,4,5,5,1,0,1,0,1,1,0,3,1_2_weekly,5,5,135.0,No
25,Male,Arab_GCC,Undergraduate,MAHE_Dubai,Al_Barsha,Taxi_RideHail,56,18.5,5,188.0,0,1,0,0,0,1,0,3,5,1,2,3,5,Less_20min,133.0,1,1,0,0,1,1,1,1,0,0,1,1,1,0,0,0,4,5,3,3,4,3,1,0,1,0,1,0,0,5,3_5_weekly,4,5,146.0,Maybe
23,Female,Arab_NonGCC,Undergraduate,MAHE_Dubai,Deira_BurDubai,Taxi_RideHail,93,25.7,5,286.0,0,1,0,0,0,0,0,2,4,1,3,3,3,Less_20min,309.0,1,0,0,0,1,0,1,1,1,1,1,1,0,1,0,1,5,2,5,1,3,2,1,0,1,0,0,1,0,2,Rarely,3,4,36.0,No
28,Female,Southeast_Asian,Postgraduate,UOWD,Other,RTA_Bus,120,29.0,5,108.0,0,1,1,0,1,1,0,1,3,4,3,3,4,More_60min,101.0,0,1,0,1,0,0,1,1,0,1,1,1,1,0,1,1,5,2,5,3,3,5,0,1,0,0,0,0,0,5,Never,3,2,77.0,Yes
20,Female,South_Asian,Foundation,Other_DIAC,Sharjah,RTA_Bus,120,48.9,3_4,179.0,0,1,1,1,0,1,1,3,4,3,5,3,3,Less_20min,157.0,1,0,1,0,0,0,1,1,1,1,0,0,0,1,0,1,2,4,3,3,4,5,1,0,1,0,0,0,0,3,1_2_weekly,3,3,80.0,Yes
18,Male,Arab_GCC,Postgraduate,MAHE_Dubai,On_Campus,Walking_Cycling,5,1.7,6plus,50.0,0,0,0,0,0,0,0,1,1,3,1,3,1,Less_20min,100.0,1,1,1,1,1,1,1,1,0,0,1,1,0,0,0,0,3,3,5,5,3,1,1,1,1,1,1,0,0,5,1_2_weekly,5,4,130.0,No
20,Female,European_Western,Undergraduate,UOWD,Deira_BurDubai,RTA_Bus,83,32.8,6plus,118.0,0,1,1,0,1,1,1,3,3,5,3,4,3,More_60min,142.0,1,0,0,0,0,0,1,1,1,1,1,1,1,0,0,1,4,2,3,3,3,3,1,1,1,1,0,0,0,2,Rarely,4,3,46.0,Maybe
22,Female,African,Undergraduate,MAHE_Dubai,On_Campus,Own_Car,5,1.8,5,50.0,0,0,0,0,0,1,0,2,1,2,2,1,3,20_30min,100.0,0,1,1,1,1,0,1,0,1,0,1,0,1,0,1,1,4,5,4,5,3,5,0,0,0,1,0,1,0,4,Rarely,5,5,120.0,No
20,Male,Arab_GCC,Undergraduate,RIT_Dubai,On_Campus,Walking_Cycling,5,1.0,3_4,50.0,0,0,0,0,0,1,0,1,1,2,1,3,4,31_45min,100.0,1,1,1,0,1,0,1,1,0,0,0,0,1,1,1,1,3,3,4,5,5,3,1,0,1,1,1,0,0,2,1_2_weekly,4,3,146.0,No
18,Male,Southeast_Asian,Undergraduate,RIT_Dubai,Deira_BurDubai,Carpool,120,30.8,3_4,100.0,0,1,0,0,0,0,0,1,3,1,1,2,3,Less_20min,100.0,0,1,1,1,0,0,1,1,1,0,1,0,0,1,1,1,2,3,5,5,4,2,1,0,1,0,0,1,0,4,Rarely,3,3,126.0,Maybe
22,Female,African,Undergraduate,UOWD,Deira_BurDubai,RTA_Bus,120,36.9,5,110.0,0,1,0,1,0,0,0,3,4,3,3,3,3,31_45min,108.0,0,0,1,0,1,0,0,1,0,0,1,0,1,1,1,1,4,2,4,1,2,5,1,0,1,0,0,1,0,3,Rarely,3,4,136.0,Maybe
27,Female,South_Asian,Postgraduate,UOWD,Downtown_JBR_JLT,Own_Car,106,25.2,3_4,199.0,1,1,0,0,0,0,1,5,4,2,1,2,1,20_30min,204.0,0,0,0,0,1,1,1,1,0,0,1,1,0,1,0,1,4,2,4,3,2,5,0,0,1,1,0,1,0,2,Never,4,4,106.0,Maybe
24,Male,Arab_GCC,Undergraduate,MAHE_Dubai,Other,Taxi_RideHail,43,12.5,5,121.0,1,1,0,0,0,0,0,5,4,2,2,1,1,31_45min,133.0,0,1,1,1,0,1,1,1,1,0,1,1,1,1,1,0,5,2,3,3,4,2,1,0,0,0,0,1,0,5,3_5_weekly,3,4,136.0,Maybe
24,Male,Arab_GCC,Postgraduate,RIT_Dubai,Deira_BurDubai,Carpool,120,37.7,5,158.0,0,1,0,1,0,0,1,2,5,3,4,2,1,Less_20min,112.0,1,1,1,0,0,0,1,0,0,0,0,1,1,0,1,1,5,3,4,5,5,3,0,1,0,1,1,1,0,2,Never,4,4,25.0,Maybe
28,Male,Arab_GCC,Undergraduate,MAHE_Dubai,Sharjah,RTA_Bus,120,40.6,3_4,124.0,0,1,1,0,1,0,1,1,4,4,2,5,1,20_30min,124.0,0,0,1,1,0,1,1,0,0,0,1,1,1,1,1,0,2,4,4,3,3,3,1,0,0,1,0,1,0,2,1_2_weekly,3,4,107.0,Maybe
26,Male,European_Western,Undergraduate,MAHE_Dubai,Downtown_JBR_JLT,Metro,97,28.1,6plus,95.0,1,1,0,0,1,0,1,3,5,3,2,3,2,31_45min,100.0,1,1,0,0,1,0,1,1,0,0,1,0,1,0,1,1,2,2,4,3,3,5,1,0,1,0,0,1,0,3,Rarely,4,3,110.0,Maybe
27,Female,European_Western,Undergraduate,Murdoch_Dubai,Deira_BurDubai,Metro,120,33.7,5,98.0,0,1,0,0,1,0,0,1,4,1,2,5,1,20_30min,100.0,0,0,1,0,1,0,0,0,1,0,1,1,0,1,1,1,5,3,3,5,5,2,1,0,0,0,0,1,0,4,Rarely,5,5,66.0,Maybe
27,Female,Arab_NonGCC,Undergraduate,MAHE_Dubai,Al_Barsha,University_Shuttle,78,17.6,5,50.0,1,1,0,0,1,0,0,3,3,3,3,3,2,31_45min,100.0,0,1,0,0,1,0,0,1,1,0,1,0,1,1,1,1,5,3,5,4,2,4,1,1,1,0,0,0,0,4,1_2_weekly,2,1,12.0,Yes
29,Male,Arab_NonGCC,Foundation,UOWD,Downtown_JBR_JLT,RTA_Bus,63,19.3,5,74.0,0,1,0,1,0,1,0,3,3,1,3,3,4,Less_20min,100.0,1,0,1,0,1,1,1,1,0,0,1,1,1,1,0,1,5,5,3,4,4,3,1,0,1,0,1,1,0,5,Rarely,5,5,93.0,Maybe
30,Female,Arab_NonGCC,Undergraduate,RIT_Dubai,On_Campus,Walking_Cycling,5,1.3,3_4,50.0,0,0,0,1,0,1,0,3,2,2,4,2,4,Less_20min,100.0,1,0,0,0,1,0,0,0,0,1,1,1,1,0,1,1,3,2,5,5,4,4,1,0,0,1,1,0,0,2,1_2_weekly,5,5,8.0,No
20,Female,Arab_NonGCC,Postgraduate,MAHE_Dubai,Sharjah,Metro,120,49.4,5,162.0,1,1,0,0,1,1,0,3,5,1,2,3,4,31_45min,207.0,1,0,0,1,0,1,1,0,1,0,1,0,1,1,0,0,4,4,5,1,5,5,1,1,1,1,1,1,0,3,3_5_weekly,2,2,57.0,Yes
24,Female,European_Western,Undergraduate,UOWD,Sharjah,Taxi_RideHail,120,34.6,3_4,374.0,1,1,0,0,0,0,1,5,3,3,1,1,2,31_45min,340.0,0,0,1,1,1,0,1,0,1,0,1,1,1,0,1,1,2,5,4,3,3,4,1,0,1,1,0,1,0,4,1_2_weekly,2,2,69.0,Yes
18,Female,South_Asian,Postgraduate,RIT_Dubai,Deira_BurDubai,Metro,120,39.7,6plus,124.0,0,1,0,0,1,0,0,2,3,1,3,4,3,More_60min,113.0,1,1,0,0,1,0,1,1,0,1,1,0,1,1,0,1,2,2,4,3,3,4,1,0,0,0,1,1,0,5,1_2_weekly,5,4,150.0,Maybe
21,Male,South_Asian,Undergraduate,UOWD,Deira_BurDubai,Own_Car,120,33.0,5,268.0,0,1,0,0,0,0,0,3,4,3,1,2,1,31_45min,283.0,1,1,0,1,0,0,1,1,1,0,1,0,0,0,1,0,3,5,3,4,3,3,1,1,1,1,0,1,0,4,3_5_weekly,3,4,45.0,Maybe
30,Male,Arab_NonGCC,Postgraduate,Murdoch_Dubai,Downtown_JBR_JLT,Metro,90,19.6,3_4,64.0,0,1,0,0,0,1,0,3,3,1,2,3,3,20_30min,100.0,1,0,0,0,1,1,1,1,0,0,1,0,1,1,1,1,5,2,3,5,4,5,0,1,0,1,1,1,0,5,Never,3,2,123.0,Yes
21,Female,South_Asian,Postgraduate,UOWD,Al_Barsha,Taxi_RideHail,52,13.0,5,113.0,0,1,0,1,0,0,0,2,5,2,3,3,2,46_60min,146.0,1,1,0,0,0,0,1,0,0,0,0,1,1,1,1,0,4,5,3,1,2,4,1,0,0,0,1,1,0,4,3_5_weekly,5,5,8.0,Maybe
22,Female,South_Asian,Undergraduate,UOWD,Deira_BurDubai,Carpool,120,28.1,5,97.0,0,1,0,1,0,0,1,2,3,1,5,2,3,Less_20min,102.0,0,0,0,1,1,1,1,1,1,1,0,0,1,0,1,1,5,4,4,5,4,3,1,1,1,0,1,1,0,5,1_2_weekly,3,4,79.0,Yes
24,Male,Southeast_Asian,Undergraduate,Other_DIAC,Ajman_Northern,Own_Car,120,58.5,3_4,317.0,1,1,0,0,0,0,1,3,5,2,2,3,3,20_30min,222.0,0,0,0,1,0,0,1,0,0,0,1,1,1,0,1,1,2,5,5,4,5,4,1,0,1,0,0,1,0,4,3_5_weekly,3,4,225.0,Maybe
24,Female,Arab_NonGCC,Postgraduate,RIT_Dubai,Sharjah,Carpool,120,38.3,6plus,118.0,0,1,0,1,0,0,0,3,5,3,3,2,2,20_30min,146.0,1,1,0,1,0,0,1,1,1,0,1,0,1,1,0,0,3,5,3,4,4,3,1,0,1,1,0,0,0,4,1_2_weekly,5,4,94.0,Maybe
30,Female,African,Foundation,UOWD,Al_Barsha,RTA_Bus,62,16.0,1_2,57.0,1,1,1,1,0,0,0,3,4,4,4,3,3,Less_20min,100.0,1,1,1,0,0,0,1,1,0,0,1,1,0,0,1,0,4,5,5,3,5,5,1,1,1,1,0,1,0,2,1_2_weekly,2,1,122.0,Maybe
28,Male,South_Asian,Undergraduate,RIT_Dubai,Downtown_JBR_JLT,Own_Car,98,21.8,3_4,170.0,0,1,0,1,0,0,0,3,4,3,5,1,1,31_45min,156.0,1,1,1,1,1,0,1,1,1,0,0,1,1,1,1,1,4,2,4,2,4,2,0,0,1,1,0,1,0,5,1_2_weekly,4,4,114.0,Maybe
30,Female,Arab_GCC,Postgraduate,Murdoch_Dubai,Deira_BurDubai,RTA_Bus,71,27.2,5,102.0,0,1,0,1,1,0,0,3,4,3,3,3,2,20_30min,122.0,1,1,0,1,0,0,1,0,1,0,0,0,1,0,0,1,4,2,4,1,2,3,0,0,0,0,1,0,0,5,3_5_weekly,4,4,114.0,Yes
21,Female,South_Asian,Postgraduate,Other_DIAC,Downtown_JBR_JLT,Metro,108,23.9,5,70.0,0,1,0,0,0,0,0,1,4,2,1,2,1,31_45min,100.0,0,1,0,0,1,1,1,1,0,0,1,1,1,1,1,1,4,4,4,1,5,3,1,0,1,1,1,1,0,2,Daily,4,4,65.0,No
30,Prefer not to say,European_Western,Postgraduate,MAHE_Dubai,Downtown_JBR_JLT,Taxi_RideHail,57,19.6,5,189.0,1,1,0,0,0,1,0,5,3,2,2,1,5,20_30min,136.0,1,1,0,0,1,0,0,0,1,0,1,0,1,1,1,1,3,5,4,2,3,4,1,0,1,0,0,0,0,2,Rarely,2,2,109.0,Maybe
24,Male,European_Western,Foundation,MAHE_Dubai,Sharjah,Carpool,120,46.7,5,143.0,0,1,0,1,0,1,0,1,4,1,3,2,3,20_30min,171.0,1,1,0,0,1,1,1,1,1,0,1,1,0,1,0,0,2,3,5,4,3,5,1,0,1,0,0,1,0,4,Rarely,3,4,74.0,Maybe
28,Female,South_Asian,Postgraduate,Murdoch_Dubai,Sharjah,University_Shuttle,120,37.4,5,83.0,1,1,1,0,1,0,0,4,3,4,3,3,2,Less_20min,100.0,0,1,0,0,1,1,0,1,1,0,1,0,1,0,1,1,4,5,5,5,4,1,1,1,0,1,1,1,0,4,1_2_weekly,3,3,10.0,Maybe
20,Female,South_Asian,Undergraduate,RIT_Dubai,Other,Own_Car,60,19.4,5,138.0,1,1,0,1,0,1,0,4,4,2,5,1,4,31_45min,125.0,0,1,0,0,1,1,1,0,1,0,0,0,1,0,0,0,4,3,3,1,4,1,1,1,0,1,0,1,0,4,Daily,4,4,134.0,Maybe
23,Female,European_Western,Undergraduate,RIT_Dubai,Al_Barsha,Own_Car,52,16.7,1_2,112.0,0,1,0,1,0,0,0,2,4,2,5,2,2,20_30min,100.0,1,1,0,1,1,1,1,0,1,0,1,1,1,1,0,1,2,3,5,2,2,2,1,1,1,0,1,1,0,2,Never,4,4,134.0,No
29,Female,South_Asian,Undergraduate,MAHE_Dubai,Ajman_Northern,University_Shuttle,120,48.9,3_4,111.0,1,1,1,0,1,1,0,5,5,4,1,4,4,46_60min,117.0,1,1,0,0,1,0,0,0,1,1,0,0,0,0,0,0,5,5,5,3,2,5,1,1,0,0,1,1,0,4,3_5_weekly,2,1,48.0,Yes
19,Female,Arab_GCC,Postgraduate,Murdoch_Dubai,Al_Barsha,RTA_Bus,103,21.9,3_4,56.0,0,1,0,0,0,0,0,1,3,2,1,1,2,Less_20min,100.0,1,0,0,1,0,0,1,0,0,1,1,0,0,1,0,1,4,3,5,3,3,3,1,0,1,0,1,0,0,2,Never,5,4,137.0,No
27,Female,European_Western,Postgraduate,UOWD,Deira_BurDubai,RTA_Bus,83,33.2,3_4,135.0,1,1,1,0,1,0,0,3,5,3,3,5,1,20_30min,121.0,0,1,1,0,1,1,1,0,0,1,1,0,1,0,1,0,4,3,3,4,4,1,1,0,1,1,0,1,0,4,1_2_weekly,3,2,114.0,Yes
30,Female,Arab_NonGCC,Undergraduate,Other_DIAC,Deira_BurDubai,University_Shuttle,120,26.3,5,58.0,0,1,1,0,1,1,1,3,4,4,2,5,4,31_45min,100.0,0,1,1,0,0,1,1,0,1,0,1,1,1,1,1,1,5,5,5,1,5,2,1,0,1,1,1,1,0,2,1_2_weekly,4,4,60.0,Maybe
26,Female,South_Asian,Postgraduate,RIT_Dubai,Other,RTA_Bus,72,25.2,3_4,81.0,0,1,1,1,1,0,0,1,3,3,5,3,1,46_60min,100.0,1,0,0,0,0,0,1,1,0,0,1,0,0,1,0,0,2,2,5,5,2,5,1,1,1,0,1,1,0,5,Rarely,4,5,50.0,Yes
22,Male,Arab_NonGCC,Postgraduate,UOWD,Other,RTA_Bus,68,13.8,3_4,50.0,0,1,1,0,0,0,0,3,4,4,2,1,3,20_30min,100.0,1,0,0,1,1,0,1,0,1,0,0,1,1,1,1,0,2,5,5,1,5,2,1,1,0,0,1,1,0,3,Never,3,3,146.0,Maybe
23,Male,Arab_GCC,Undergraduate,Murdoch_Dubai,Al_Barsha,RTA_Bus,60,12.3,3_4,50.0,0,1,0,0,0,0,0,1,5,2,1,1,2,31_45min,100.0,0,1,1,1,0,0,1,0,1,0,1,1,1,1,1,1,4,4,4,3,5,1,1,0,1,1,1,1,0,4,1_2_weekly,5,4,107.0,No
29,Male,South_Asian,Undergraduate,Other_DIAC,On_Campus,University_Shuttle,10,2.9,6plus,50.0,0,0,1,0,1,1,0,2,1,5,1,3,3,More_60min,100.0,0,1,1,0,0,0,0,1,1,0,1,1,1,1,0,0,2,3,5,1,2,4,0,1,0,1,0,1,0,4,1_2_weekly,3,2,57.0,Maybe
29,Female,African,Undergraduate,Murdoch_Dubai,Ajman_Northern,Own_Car,120,55.5,6plus,341.0,0,1,0,1,0,0,1,2,5,1,3,3,3,More_60min,375.0,0,1,0,1,1,0,1,1,1,0,1,0,0,0,1,0,5,4,3,3,4,4,0,0,1,0,1,1,0,2,1_2_weekly,4,4,107.0,No
29,Male,South_Asian,Undergraduate,MAHE_Dubai,Sharjah,Sub_Van,120,49.6,5,237.0,0,1,0,0,0,1,0,1,4,1,1,3,5,31_45min,201.0,1,1,0,0,1,0,1,1,0,0,1,0,1,1,1,0,3,3,3,2,5,5,1,1,0,1,1,1,0,5,Never,3,4,86.0,Maybe
29,Female,Arab_NonGCC,Undergraduate,MAHE_Dubai,Al_Barsha,Metro,68,16.8,6plus,60.0,0,1,0,1,0,0,0,2,4,1,3,2,2,31_45min,100.0,1,0,0,0,0,0,0,0,1,0,1,1,1,0,1,1,5,2,3,2,4,2,1,0,1,0,0,1,0,5,Rarely,5,5,79.0,Maybe
21,Male,Arab_NonGCC,Undergraduate,UOWD,Ajman_Northern,Taxi_RideHail,120,50.6,5,510.0,1,1,0,1,0,0,0,3,4,1,4,1,3,20_30min,491.0,1,0,0,0,0,1,1,1,0,0,0,0,0,0,1,0,5,3,3,3,5,3,1,0,1,1,1,1,0,4,3_5_weekly,2,3,129.0,Yes
28,Female,South_Asian,Undergraduate,MAHE_Dubai,Sharjah,Carpool,86,33.4,5,155.0,0,1,0,0,0,0,1,1,3,1,3,2,1,46_60min,113.0,1,0,0,0,0,0,1,0,1,1,1,0,1,1,1,0,3,5,4,5,4,1,1,0,1,0,1,1,0,2,3_5_weekly,5,4,81.0,No
27,Female,Other,Undergraduate,Murdoch_Dubai,Other,Own_Car,42,16.2,1_2,121.0,0,1,0,0,0,0,0,2,5,3,1,3,1,20_30min,102.0,0,1,1,0,1,1,1,1,1,1,1,1,0,1,0,1,5,3,3,5,4,4,1,1,1,0,1,1,0,2,3_5_weekly,3,2,98.0,No
24,Female,South_Asian,Undergraduate,UOWD,Al_Barsha,Metro,73,20.4,5,70.0,0,1,0,1,1,0,0,3,5,1,3,4,1,More_60min,100.0,1,0,0,1,0,0,1,1,0,1,0,0,1,0,0,1,4,4,4,1,4,4,1,0,0,1,0,1,0,3,1_2_weekly,4,5,136.0,Maybe
29,Male,South_Asian,Undergraduate,MAHE_Dubai,Deira_BurDubai,Taxi_RideHail,96,30.3,5,279.0,0,1,0,0,0,1,0,2,4,3,1,3,3,Less_20min,207.0,1,1,0,1,1,0,1,0,0,0,1,1,0,0,0,0,4,5,4,3,4,2,1,0,1,0,0,0,0,5,3_5_weekly,3,3,149.0,Yes
26,Female,European_Western,Postgraduate,Other_DIAC,Sharjah,RTA_Bus,120,46.5,5,162.0,0,1,1,0,0,0,1,1,5,5,1,3,3,20_30min,128.0,0,1,1,0,1,0,1,1,1,0,1,1,1,0,1,1,2,4,4,4,2,4,1,0,1,0,1,0,0,3,Rarely,3,4,106.0,Maybe
24,Female,South_Asian,Undergraduate,MAHE_Dubai,Downtown_JBR_JLT,RTA_Bus,120,26.5,5,95.0,1,1,0,1,0,1,1,3,3,1,3,2,4,31_45min,106.0,1,1,1,0,1,1,1,1,1,1,1,1,1,0,1,1,2,2,3,5,5,2,0,1,1,0,0,0,0,5,3_5_weekly,2,2,139.0,Yes
18,Male,Arab_NonGCC,Postgraduate,RIT_Dubai,Sharjah,Own_Car,116,33.5,5,222.0,1,1,0,1,0,0,0,3,4,1,3,1,3,20_30min,274.0,0,1,1,0,1,0,0,1,1,0,1,0,1,1,1,1,5,4,3,5,4,1,1,1,1,1,0,0,0,4,1_2_weekly,2,1,129.0,Maybe
18,Female,South_Asian,Foundation,Murdoch_Dubai,Sharjah,Own_Car,120,40.1,5,284.0,0,1,0,0,0,0,1,2,4,1,1,2,1,20_30min,307.0,1,1,0,0,0,1,1,0,0,1,0,0,1,0,1,0,4,4,4,2,3,2,1,1,0,0,0,0,0,4,Rarely,4,3,44.0,Maybe
26,Female,South_Asian,Undergraduate,Murdoch_Dubai,Al_Barsha,University_Shuttle,66,18.8,6plus,50.0,0,1,1,0,0,0,0,3,4,3,2,1,3,31_45min,100.0,0,0,1,1,0,1,1,0,1,1,1,1,1,1,1,0,4,4,4,5,5,4,1,1,0,0,1,0,0,2,1_2_weekly,3,2,140.0,Maybe
28,Male,South_Asian,Undergraduate,Murdoch_Dubai,Downtown_JBR_JLT,Sub_Van,96,20.8,3_4,85.0,0,1,0,0,0,0,0,1,3,3,1,3,1,31_45min,100.0,1,1,0,1,0,0,1,0,1,0,1,1,1,1,1,0,3,5,3,5,5,2,1,0,0,0,1,0,0,2,Daily,5,5,11.0,No
26,Female,South_Asian,Undergraduate,UOWD,Sharjah,Taxi_RideHail,120,46.6,5,394.0,0,1,0,0,0,0,0,3,4,1,3,1,2,31_45min,421.0,0,1,0,1,1,1,1,0,0,1,1,1,1,0,1,0,2,2,5,5,4,4,1,1,1,0,0,0,0,2,3_5_weekly,4,5,117.0,No
21,Male,African,Undergraduate,UOWD,Al_Barsha,Metro,81,17.4,5,51.0,0,1,0,0,1,0,0,2,4,2,2,4,3,20_30min,100.0,1,1,0,0,0,0,1,1,1,0,1,0,1,0,1,1,4,2,5,3,5,5,1,1,0,1,0,0,0,5,3_5_weekly,4,3,96.0,Maybe
30,Male,South_Asian,Undergraduate,UOWD,Ajman_Northern,Sub_Van,120,43.3,5,149.0,1,1,0,0,0,0,0,3,4,3,3,2,1,31_45min,159.0,1,1,0,1,0,0,1,1,1,0,1,0,1,0,0,1,5,2,5,3,3,4,1,0,0,1,0,1,0,2,Rarely,4,3,79.0,No
26,Male,South_Asian,Undergraduate,UOWD,Al_Barsha,Metro,45,17.8,5,66.0,1,1,0,0,0,1,0,4,4,2,1,1,3,20_30min,100.0,0,0,1,1,1,0,1,1,1,0,1,0,1,1,1,1,4,4,3,2,3,4,0,0,1,0,1,1,0,4,Rarely,3,2,81.0,Maybe
20,Male,South_Asian,Undergraduate,UOWD,Al_Barsha,Sub_Van,101,22.0,1_2,95.0,0,1,0,0,0,0,0,1,5,2,3,2,3,Less_20min,118.0,1,0,0,0,0,0,0,1,1,0,0,0,1,0,0,1,2,5,3,1,3,4,1,0,1,1,1,0,0,3,Daily,4,5,119.0,No
24,Male,South_Asian,Undergraduate,RIT_Dubai,Downtown_JBR_JLT,Metro,86,19.8,5,62.0,0,1,0,0,0,0,0,1,4,1,3,3,2,31_45min,100.0,1,0,0,1,0,0,1,1,1,0,1,0,0,0,1,1,5,5,4,5,5,5,0,0,0,0,0,1,0,4,1_2_weekly,3,4,29.0,Maybe
23,Female,European_Western,Undergraduate,MAHE_Dubai,Sharjah,University_Shuttle,120,46.3,3_4,129.0,0,1,1,0,1,0,0,2,3,3,1,3,3,46_60min,108.0,0,1,1,0,0,0,1,1,1,0,1,0,1,1,1,0,2,5,3,1,5,3,1,1,1,0,0,0,0,4,1_2_weekly,4,3,147.0,Maybe
25,Female,South_Asian,Postgraduate,UOWD,Ajman_Northern,Taxi_RideHail,120,44.1,5,415.0,1,1,0,1,0,0,0,5,4,2,3,3,2,20_30min,503.0,0,0,0,1,1,0,1,1,0,0,1,1,1,1,1,0,4,4,3,3,4,4,1,0,0,1,1,1,0,4,Rarely,4,5,63.0,Maybe
28,Female,South_Asian,Undergraduate,Other_DIAC,Deira_BurDubai,Taxi_RideHail,105,36.7,5,296.0,0,1,0,0,0,0,0,1,4,3,2,3,3,20_30min,252.0,1,0,0,1,0,0,1,1,1,1,1,0,0,1,1,0,4,2,3,5,5,3,1,1,1,0,1,1,0,3,1_2_weekly,3,4,142.0,Maybe
26,Female,Southeast_Asian,Undergraduate,Other_DIAC,Downtown_JBR_JLT,Taxi_RideHail,112,26.8,5,272.0,0,1,0,1,0,1,1,3,5,1,5,3,4,20_30min,240.0,1,1,1,1,0,0,1,0,1,0,1,1,1,1,1,0,4,4,4,1,5,1,1,1,1,1,1,0,0,4,1_2_weekly,5,5,57.0,Maybe
22,Female,South_Asian,Undergraduate,Murdoch_Dubai,Al_Barsha,Sub_Van,45,15.0,3_4,72.0,0,1,0,1,0,0,0,3,4,3,5,2,3,20_30min,100.0,1,1,0,0,1,0,1,0,1,1,1,1,1,1,1,0,2,5,4,1,4,2,1,1,0,0,0,0,0,5,1_2_weekly,3,4,90.0,Yes
18,Female,South_Asian,Foundation,MAHE_Dubai,Deira_BurDubai,Taxi_RideHail,106,29.9,5,322.0,1,1,0,0,0,0,1,3,5,2,3,2,3,Less_20min,285.0,1,0,0,1,0,1,0,0,0,0,1,1,1,1,0,0,5,4,5,4,3,3,1,1,0,1,0,1,0,5,3_5_weekly,3,2,170.0,Yes
20,Male,South_Asian,Undergraduate,RIT_Dubai,Other,Own_Car,120,29.8,3_4,207.0,0,1,0,0,0,1,1,3,3,2,3,1,5,More_60min,196.0,0,1,0,1,1,0,1,0,0,0,1,0,1,0,1,1,4,3,5,3,4,1,1,1,1,1,0,0,0,3,Rarely,5,4,101.0,Maybe
27,Male,South_Asian,Undergraduate,RIT_Dubai,Downtown_JBR_JLT,Carpool,91,23.5,5,89.0,0,1,0,0,0,1,0,1,5,3,2,1,5,46_60min,100.0,0,1,0,1,0,0,1,0,1,0,1,0,1,1,1,1,4,2,3,2,2,2,1,1,0,1,0,0,0,5,Never,4,5,28.0,Maybe
29,Male,African,Postgraduate,UOWD,Sharjah,Taxi_RideHail,120,44.6,6plus,333.0,0,1,0,0,0,0,1,2,4,2,1,2,2,31_45min,256.0,1,1,1,1,0,1,1,1,1,0,1,0,1,1,1,1,4,2,3,2,5,4,1,0,1,0,1,1,0,2,Never,5,4,129.0,No
25,Male,Arab_GCC,Undergraduate,RIT_Dubai,Deira_BurDubai,Metro,90,27.2,6plus,87.0,1,1,0,0,1,1,1,5,3,2,1,3,5,20_30min,100.0,0,1,1,0,0,0,0,1,1,0,1,1,0,1,1,1,3,5,4,4,5,4,1,0,0,1,0,1,0,5,Daily,3,2,10.0,Yes
28,Female,South_Asian,Foundation,UOWD,Downtown_JBR_JLT,Carpool,120,28.2,5,86.0,0,1,0,0,0,1,1,3,4,2,3,2,3,31_45min,100.0,0,1,0,1,0,0,1,1,1,0,0,0,1,1,0,1,3,4,5,1,2,4,1,0,0,1,0,1,0,4,Rarely,5,4,90.0,Maybe
23,Male,Arab_GCC,Postgraduate,RIT_Dubai,Sharjah,RTA_Bus,120,44.2,5,178.0,0,1,0,0,0,1,1,1,5,1,2,2,5,20_30min,194.0,0,1,0,0,1,0,1,1,0,0,1,1,1,0,1,0,5,5,5,4,2,5,1,0,0,1,0,1,0,5,Rarely,5,5,144.0,Maybe
25,Female,African,Postgraduate,MAHE_Dubai,Downtown_JBR_JLT,Taxi_RideHail,103,28.9,3_4,226.0,0,1,0,0,0,1,0,1,3,1,3,3,4,20_30min,196.0,1,0,0,1,1,0,1,0,1,1,0,0,0,1,1,1,2,4,5,4,2,5,1,1,1,1,0,1,0,2,Never,4,3,7.0,No
26,Female,South_Asian,Postgraduate,MAHE_Dubai,Downtown_JBR_JLT,Carpool,93,19.6,3_4,62.0,1,1,0,1,0,0,0,3,3,2,5,3,3,Less_20min,100.0,1,1,1,0,0,1,1,0,1,1,1,1,1,1,1,1,4,3,3,3,4,5,1,1,1,0,1,1,0,2,3_5_weekly,2,1,99.0,Maybe
21,Female,European_Western,Foundation,RIT_Dubai,On_Campus,University_Shuttle,10,2.2,5,50.0,0,0,1,1,1,0,0,3,3,5,4,5,3,31_45min,100.0,0,0,0,0,1,0,1,0,1,1,0,0,0,0,0,0,4,2,3,5,3,5,1,1,0,1,0,1,0,2,Rarely,5,5,116.0,No
18,Male,South_Asian,Postgraduate,MAHE_Dubai,Al_Barsha,Own_Car,63,18.0,5,144.0,0,1,0,0,0,1,0,3,5,1,2,2,5,More_60min,186.0,1,1,1,0,0,0,1,1,1,0,1,0,1,1,1,0,2,2,3,1,4,1,1,1,0,0,0,0,0,4,Daily,3,4,32.0,Maybe
18,Male,African,Postgraduate,Murdoch_Dubai,Ajman_Northern,Taxi_RideHail,120,47.1,6plus,501.0,1,1,0,0,0,1,1,4,3,3,3,3,5,Less_20min,493.0,1,0,1,0,1,0,1,0,1,0,1,0,1,0,0,1,2,4,4,2,2,1,1,0,1,1,0,1,0,2,Rarely,2,2,58.0,Yes
27,Female,Other,Postgraduate,UOWD,Al_Barsha,Metro,75,16.6,3_4,50.0,0,1,0,1,0,1,0,3,3,2,5,3,3,Less_20min,100.0,1,0,0,1,1,0,1,1,1,1,0,0,1,1,1,1,5,2,5,2,4,4,1,0,0,0,1,1,0,4,1_2_weekly,3,3,30.0,Yes
21,Female,European_Western,Undergraduate,MAHE_Dubai,Deira_BurDubai,Carpool,120,25.6,6plus,74.0,0,1,0,0,0,0,0,2,5,2,3,1,2,20_30min,100.0,1,0,1,0,0,1,1,0,0,1,1,0,1,1,0,0,2,4,4,4,5,2,1,1,1,1,0,1,0,2,Rarely,3,2,45.0,Maybe
29,Male,European_Western,Undergraduate,UOWD,Other,RTA_Bus,110,28.6,5,89.0,0,1,1,0,0,1,1,1,4,3,3,1,4,46_60min,100.0,1,0,1,1,0,0,1,1,1,0,1,1,1,0,0,1,4,5,5,4,4,5,1,1,1,0,1,0,0,4,Never,2,1,17.0,Yes
24,Female,South_Asian,Undergraduate,Murdoch_Dubai,Sharjah,University_Shuttle,120,41.0,5,96.0,0,1,1,0,1,0,0,1,3,5,1,4,1,20_30min,100.0,0,0,1,1,1,1,1,1,0,1,0,0,1,1,0,0,5,3,3,4,2,2,1,1,1,1,1,0,0,4,1_2_weekly,2,3,56.0,Yes
19,Male,South_Asian,Undergraduate,Murdoch_Dubai,Downtown_JBR_JLT,RTA_Bus,58,18.7,3_4,50.0,0,1,0,1,0,0,0,2,5,3,3,3,1,20_30min,100.0,1,0,1,0,1,1,0,1,1,0,1,1,1,1,1,1,3,4,4,1,5,1,1,1,1,0,1,1,0,4,1_2_weekly,5,4,55.0,Maybe
20,Male,Arab_NonGCC,Undergraduate,UOWD,Sharjah,Own_Car,120,43.6,1_2,283.0,1,1,0,0,0,1,0,4,4,3,2,3,5,31_45min,340.0,1,1,0,1,1,1,1,0,0,0,1,1,1,1,1,1,5,3,4,4,3,5,1,1,1,0,0,0,0,5,3_5_weekly,2,1,121.0,Yes
18,Male,Arab_NonGCC,Undergraduate,Other_DIAC,Sharjah,Own_Car,120,39.3,5,315.0,0,1,0,0,0,1,1,2,3,2,3,2,5,20_30min,359.0,0,1,0,0,1,1,1,1,1,0,1,1,1,1,1,1,5,5,3,4,4,1,1,0,0,0,1,0,0,2,1_2_weekly,5,4,236.0,No
22,Male,South_Asian,Undergraduate,RIT_Dubai,Al_Barsha,Taxi_RideHail,31,12.3,5,106.0,1,0,0,0,0,1,0,3,1,1,2,1,5,Less_20min,116.0,1,0,1,1,1,1,1,1,0,0,1,0,1,0,1,0,5,5,5,5,4,1,1,1,1,0,1,0,0,4,1_2_weekly,5,4,120.0,Maybe
18,Prefer not to say,South_Asian,Postgraduate,Other_DIAC,Deira_BurDubai,Metro,120,39.5,3_4,151.0,0,1,0,0,1,0,0,3,5,3,1,4,1,Less_20min,118.0,1,1,0,0,1,0,1,0,1,0,1,1,1,0,1,0,2,5,5,1,2,3,0,0,1,0,0,0,0,2,3_5_weekly,5,4,85.0,No
25,Female,South_Asian,Foundation,RIT_Dubai,Deira_BurDubai,Own_Car,120,39.2,5,278.0,1,1,0,1,0,0,0,5,4,1,5,1,2,31_45min,301.0,0,0,0,0,0,0,1,0,1,1,0,1,1,1,0,1,4,4,5,3,3,1,1,1,0,0,0,1,0,5,Never,3,2,49.0,Yes
18,Male,South_Asian,Undergraduate,RIT_Dubai,Deira_BurDubai,University_Shuttle,105,32.7,5,82.0,1,1,1,0,1,1,0,5,3,5,3,4,4,20_30min,100.0,1,0,0,0,0,1,1,1,0,0,1,0,1,1,1,1,2,3,5,3,5,4,1,1,0,1,0,1,0,3,3_5_weekly,1,1,62.0,Yes
28,Female,European_Western,Undergraduate,UOWD,Downtown_JBR_JLT,Metro,89,19.1,5,73.0,0,1,0,0,1,0,0,2,4,1,2,4,2,More_60min,100.0,0,1,1,0,1,1,1,0,0,0,0,0,1,0,1,1,4,3,3,5,2,1,1,0,0,1,1,1,0,2,Rarely,4,3,48.0,No
18,Female,South_Asian,Postgraduate,MAHE_Dubai,Deira_BurDubai,Taxi_RideHail,120,36.3,6plus,296.0,0,1,0,1,0,1,0,3,4,2,5,1,3,31_45min,210.0,0,0,0,0,0,0,1,1,1,1,1,1,1,0,0,0,2,2,3,2,2,5,1,0,1,1,0,1,0,2,Never,3,4,87.0,Maybe
19,Female,Southeast_Asian,Undergraduate,Murdoch_Dubai,Sharjah,University_Shuttle,108,39.8,3_4,93.0,0,1,1,1,0,0,0,3,3,4,4,1,3,Less_20min,103.0,1,1,0,0,0,0,1,1,1,1,0,0,1,1,1,1,5,4,3,3,4,4,1,1,0,1,1,1,0,5,Never,3,3,141.0,Yes
19,Male,African,Postgraduate,Other_DIAC,Deira_BurDubai,RTA_Bus,120,29.5,3_4,107.0,1,1,1,0,1,0,0,4,4,5,3,3,2,20_30min,100.0,1,1,1,1,1,1,1,1,1,0,1,1,1,0,0,1,4,2,3,1,3,1,1,0,1,0,1,0,0,4,Rarely,3,2,43.0,Yes
29,Male,Other,Undergraduate,MAHE_Dubai,Al_Barsha,RTA_Bus,44,16.9,5,50.0,0,1,0,0,1,0,0,3,3,2,2,3,2,20_30min,100.0,0,1,0,0,1,0,0,1,1,0,0,0,0,1,0,1,2,2,4,2,2,4,1,1,1,0,1,1,0,2,3_5_weekly,4,5,69.0,Maybe
23,Male,South_Asian,Undergraduate,UOWD,Sharjah,University_Shuttle,120,40.4,3_4,142.0,0,1,0,0,1,0,0,1,4,3,1,3,1,Less_20min,154.0,1,1,0,1,0,0,1,1,1,0,1,0,1,0,0,1,5,4,4,4,4,1,1,1,1,1,0,0,0,3,Rarely,5,4,98.0,Maybe
24,Male,African,Foundation,Other_DIAC,Al_Barsha,Metro,78,17.6,1_2,53.0,0,1,0,0,0,0,0,2,3,2,1,1,2,More_60min,100.0,0,1,0,1,1,1,1,1,1,0,0,0,1,0,0,0,3,2,4,1,5,4,0,0,1,0,1,1,0,5,1_2_weekly,4,3,127.0,Maybe
22,Male,Other,Undergraduate,MAHE_Dubai,Al_Barsha,University_Shuttle,55,16.4,3_4,50.0,0,1,1,0,1,0,0,3,5,5,3,5,3,46_60min,100.0,0,1,1,1,0,0,1,1,1,0,1,0,0,1,1,0,2,2,3,2,2,2,1,0,1,1,1,1,0,4,Never,2,2,38.0,Maybe
18,Female,Other,Postgraduate,MAHE_Dubai,Al_Barsha,Taxi_RideHail,82,18.1,3_4,164.0,1,1,0,0,0,0,0,4,3,1,2,2,2,20_30min,122.0,1,1,1,1,0,0,1,0,1,1,1,1,0,1,1,1,2,2,5,3,5,3,1,1,0,0,1,1,0,2,Rarely,2,3,42.0,Maybe
18,Male,Arab_NonGCC,Postgraduate,Murdoch_Dubai,Deira_BurDubai,Carpool,120,38.8,3_4,121.0,0,1,0,0,0,0,0,1,3,2,2,1,2,20_30min,145.0,1,0,1,0,0,1,1,0,1,0,1,1,0,1,1,1,3,5,4,4,5,4,1,1,1,0,0,1,0,2,Rarely,4,3,133.0,No
20,Male,South_Asian,Undergraduate,RIT_Dubai,Downtown_JBR_JLT,Own_Car,81,22.3,3_4,114.0,1,1,0,0,0,1,0,5,3,2,2,2,4,Less_20min,100.0,1,0,0,0,0,0,1,1,0,0,1,0,1,1,1,1,2,4,4,4,4,5,0,0,0,0,0,0,1,5,3_5_weekly,3,3,12.0,Yes
19,Male,South_Asian,Postgraduate,RIT_Dubai,Deira_BurDubai,Sub_Van,93,35.9,3_4,162.0,0,1,0,0,0,1,0,2,4,2,1,1,3,20_30min,180.0,1,1,1,0,0,0,1,1,0,0,1,1,1,1,1,1,3,5,3,1,3,3,1,1,1,0,0,0,0,4,Rarely,3,3,91.0,Maybe
22,Male,Arab_GCC,Foundation,UOWD,Deira_BurDubai,Metro,120,38.4,1_2,156.0,0,1,0,0,1,0,1,1,5,1,1,5,3,31_45min,196.0,0,1,0,0,1,1,1,0,1,0,1,0,0,0,0,0,4,2,5,4,5,3,0,1,1,1,1,1,0,4,Rarely,4,3,129.0,Maybe
29,Male,South_Asian,Undergraduate,Murdoch_Dubai,Ajman_Northern,Own_Car,120,49.1,5,378.0,0,1,0,0,0,0,0,2,4,2,2,1,1,20_30min,342.0,0,0,0,1,1,1,1,0,0,0,1,1,0,1,1,1,3,2,5,2,2,1,1,0,1,0,1,0,0,5,Never,4,3,154.0,Maybe
27,Male,Southeast_Asian,Postgraduate,MAHE_Dubai,Al_Barsha,Sub_Van,57,16.4,5,69.0,1,1,0,0,0,0,0,5,4,2,2,3,2,More_60min,100.0,0,0,1,1,0,1,1,0,0,0,1,1,1,1,1,1,5,5,5,5,3,4,1,0,0,1,1,0,0,2,Daily,2,3,2.0,Maybe
23,Male,European_Western,Undergraduate,Murdoch_Dubai,Downtown_JBR_JLT,RTA_Bus,97,25.2,5,94.0,0,1,1,0,0,0,0,2,3,3,3,2,1,Less_20min,100.0,1,1,1,1,0,0,1,1,0,0,1,0,1,1,0,1,3,2,3,3,3,3,1,1,0,1,0,1,0,2,Never,4,5,55.0,No
24,Male,Arab_NonGCC,Undergraduate,RIT_Dubai,Sharjah,Sub_Van,120,41.8,3_4,192.0,1,1,0,0,0,0,1,3,4,2,3,2,1,31_45min,153.0,0,1,0,0,0,1,1,1,0,0,1,1,0,1,1,0,4,4,5,1,4,5,1,0,0,0,1,0,0,4,Daily,2,1,39.0,Yes
21,Male,European_Western,Undergraduate,Other_DIAC,Sharjah,University_Shuttle,120,46.1,3_4,145.0,0,1,0,0,0,0,1,2,3,3,2,3,1,46_60min,153.0,0,0,0,1,0,0,1,0,0,0,0,1,1,1,1,0,3,3,4,5,2,5,1,0,0,1,1,1,0,4,Rarely,3,2,85.0,Maybe
24,Female,South_Asian,Undergraduate,Other_DIAC,Sharjah,Metro,104,39.5,5,139.0,0,1,0,0,1,0,0,1,5,3,2,3,2,20_30min,159.0,0,0,1,0,1,1,1,1,1,1,0,1,1,1,1,0,3,5,4,5,2,5,1,1,0,0,0,1,0,3,Rarely,4,4,95.0,Maybe
28,Male,Southeast_Asian,Foundation,UOWD,Al_Barsha,University_Shuttle,74,22.0,5,66.0,0,1,0,0,0,0,0,3,4,3,1,3,1,Less_20min,100.0,1,1,0,0,1,0,0,0,1,0,1,0,1,1,0,0,4,3,4,1,4,1,1,0,0,0,1,0,0,3,3_5_weekly,3,4,150.0,Maybe
25,Male,European_Western,Foundation,Other_DIAC,Sharjah,Taxi_RideHail,120,31.2,5,338.0,1,1,0,0,0,0,1,5,4,1,2,2,1,20_30min,409.0,0,1,0,0,1,0,1,0,1,0,1,1,1,0,0,0,2,3,3,2,4,2,1,0,0,1,1,1,0,3,Daily,2,1,145.0,Yes
28,Male,South_Asian,Undergraduate,Murdoch_Dubai,Deira_BurDubai,Own_Car,75,25.0,3_4,157.0,1,1,0,0,0,1,0,3,4,3,3,1,5,20_30min,158.0,0,1,0,0,1,0,1,1,0,0,1,1,1,1,0,0,2,3,5,3,3,4,1,1,1,1,1,1,0,4,Rarely,3,2,83.0,Maybe
18,Female,South_Asian,Postgraduate,Murdoch_Dubai,Downtown_JBR_JLT,Taxi_RideHail,77,25.7,6plus,278.0,0,1,0,1,0,0,1,2,3,2,5,3,3,More_60min,315.0,1,0,0,0,0,0,1,1,0,1,0,1,1,0,1,1,5,5,3,1,5,3,0,1,1,1,1,1,0,4,1_2_weekly,4,5,62.0,Maybe
23,Male,African,Undergraduate,MAHE_Dubai,Al_Barsha,RTA_Bus,37,15.0,3_4,52.0,1,0,0,1,1,0,0,4,2,1,5,5,3,46_60min,100.0,0,1,1,1,0,0,1,0,0,0,1,1,0,1,0,1,5,2,5,5,5,4,0,0,1,0,0,0,0,4,3_5_weekly,5,4,22.0,Maybe
25,Female,South_Asian,Undergraduate,UOWD,Sharjah,RTA_Bus,120,34.8,5,97.0,1,1,0,0,0,0,1,4,4,1,3,3,3,More_60min,100.0,1,1,0,1,0,0,1,1,0,0,1,1,1,0,1,0,3,4,3,5,5,3,1,0,1,0,0,0,0,2,Rarely,2,2,45.0,Maybe
22,Female,Arab_GCC,Postgraduate,UOWD,Sharjah,University_Shuttle,120,36.2,5,79.0,0,1,1,1,1,1,1,3,4,4,5,3,3,46_60min,100.0,1,1,0,0,0,0,1,1,0,1,1,0,1,1,1,0,2,2,4,1,5,1,0,1,1,1,1,1,0,5,Never,4,4,37.0,Yes
21,Male,European_Western,Undergraduate,RIT_Dubai,On_Campus,Walking_Cycling,5,1.5,5,50.0,1,1,0,0,0,1,0,3,5,1,3,1,4,20_30min,100.0,0,0,1,0,1,0,1,0,1,0,0,0,0,0,1,0,2,4,3,5,2,4,1,0,1,1,1,1,0,4,Rarely,4,3,120.0,Maybe
19,Female,South_Asian,Undergraduate,UOWD,Deira_BurDubai,Sub_Van,75,25.5,3_4,111.0,1,1,0,1,0,0,1,4,5,1,5,3,3,46_60min,134.0,1,0,0,0,1,0,0,0,0,0,1,1,1,1,1,0,3,2,3,1,2,1,1,0,1,1,0,1,0,2,3_5_weekly,4,5,82.0,Maybe
23,Female,African,Postgraduate,UOWD,Ajman_Northern,RTA_Bus,120,59.4,3_4,228.0,0,1,0,1,1,0,1,1,5,1,5,5,1,More_60min,241.0,0,0,1,1,1,1,1,1,1,0,1,0,1,0,1,1,4,3,3,1,4,1,1,0,1,0,0,0,0,4,Daily,5,5,44.0,Maybe
23,Male,South_Asian,Undergraduate,RIT_Dubai,Downtown_JBR_JLT,Carpool,89,20.6,5,64.0,0,1,0,0,0,0,0,2,5,1,1,3,3,20_30min,100.0,0,0,0,0,0,1,0,1,1,0,1,0,1,1,0,1,2,3,4,3,4,4,1,0,0,1,1,1,0,5,Rarely,3,4,73.0,Maybe
28,Male,European_Western,Undergraduate,MAHE_Dubai,Deira_BurDubai,Carpool,120,36.0,3_4,156.0,1,1,0,0,0,0,0,5,5,3,1,1,2,20_30min,127.0,1,1,0,1,1,0,1,0,1,0,1,1,1,0,1,0,5,4,3,1,5,4,1,1,1,1,0,0,0,4,Rarely,2,3,33.0,Maybe
18,Female,Arab_NonGCC,Undergraduate,MAHE_Dubai,Downtown_JBR_JLT,RTA_Bus,96,27.2,3_4,106.0,0,1,0,1,0,0,0,1,3,2,3,2,1,20_30min,136.0,1,0,0,1,0,0,1,0,1,0,1,1,1,0,1,0,3,5,3,5,4,3,1,1,1,0,1,0,0,2,Rarely,3,4,28.0,Maybe
26,Female,Other,Undergraduate,UOWD,Other,Taxi_RideHail,120,33.2,3_4,262.0,0,1,0,1,0,0,1,3,5,2,4,2,1,Less_20min,247.0,0,1,1,1,0,0,1,0,0,1,1,0,1,0,1,1,4,2,4,4,2,5,1,0,0,0,0,0,0,4,Rarely,5,5,129.0,Maybe
29,Prefer not to say,African,Postgraduate,RIT_Dubai,Downtown_JBR_JLT,University_Shuttle,74,18.4,5,61.0,0,1,1,0,1,1,0,3,5,4,2,5,4,Less_20min,100.0,0,0,0,1,1,1,1,0,1,0,0,0,0,1,1,1,5,3,5,3,5,1,1,1,1,0,0,1,0,4,1_2_weekly,3,3,142.0,Yes
28,Male,Arab_GCC,Undergraduate,Murdoch_Dubai,Al_Barsha,University_Shuttle,98,20.7,1_2,72.0,0,1,1,0,0,0,0,3,4,3,1,2,1,More_60min,100.0,0,1,1,1,1,1,1,1,0,0,1,1,1,1,1,1,2,4,3,5,5,2,0,0,1,1,0,1,0,4,3_5_weekly,2,1,12.0,Yes
23,Female,South_Asian,Postgraduate,Murdoch_Dubai,Ajman_Northern,University_Shuttle,120,50.5,6plus,159.0,1,1,0,0,0,0,1,4,3,1,2,2,3,More_60min,123.0,0,1,0,1,0,0,0,1,1,1,0,1,1,0,0,1,4,2,4,5,2,3,0,1,1,0,0,1,0,3,Never,4,5,115.0,Maybe
30,Male,Other,Undergraduate,MAHE_Dubai,Deira_BurDubai,Own_Car,108,34.5,5,259.0,0,1,0,1,0,1,0,2,5,1,3,2,5,Less_20min,303.0,1,1,0,0,1,1,0,1,1,0,1,1,1,1,0,1,5,4,3,3,3,3,1,1,1,0,1,1,0,4,Rarely,5,5,68.0,Maybe
20,Female,South_Asian,Undergraduate,UOWD,Other,Metro,82,26.1,6plus,114.0,0,1,0,1,0,0,1,3,5,3,4,3,2,20_30min,146.0,1,0,0,0,0,1,1,1,0,0,1,1,1,1,0,0,3,5,4,3,5,5,1,0,1,1,0,0,0,2,Rarely,5,5,58.0,Maybe
21,Female,Arab_NonGCC,Undergraduate,Murdoch_Dubai,Sharjah,Own_Car,120,46.4,6plus,322.0,0,1,0,1,0,0,1,3,5,1,4,1,2,46_60min,287.0,0,0,1,0,0,0,1,1,0,1,0,0,1,1,0,1,4,5,5,5,4,5,1,0,1,0,0,1,0,2,Never,5,4,165.0,No
29,Male,South_Asian,Undergraduate,MAHE_Dubai,Al_Barsha,Metro,51,15.3,5,50.0,0,1,0,0,0,0,0,1,4,2,2,1,2,31_45min,100.0,1,1,0,1,1,0,1,1,1,0,1,0,1,1,1,0,4,2,5,4,3,1,1,0,1,1,0,1,0,2,Never,5,5,40.0,No
28,Male,South_Asian,Postgraduate,MAHE_Dubai,Ajman_Northern,RTA_Bus,120,54.7,3_4,210.0,0,1,1,0,0,0,0,2,4,4,1,1,1,20_30min,192.0,1,1,1,0,0,0,1,0,1,0,1,0,0,0,0,0,3,5,3,2,2,3,1,0,0,1,1,0,0,4,Rarely,4,4,3.0,Maybe
21,Male,Southeast_Asian,Postgraduate,MAHE_Dubai,Deira_BurDubai,Taxi_RideHail,115,32.9,3_4,328.0,0,1,0,0,0,0,0,1,4,1,3,2,2,31_45min,233.0,0,0,0,1,1,0,1,0,1,0,0,1,1,1,1,0,2,2,4,5,3,3,1,1,0,0,0,1,0,5,1_2_weekly,3,3,66.0,Maybe
20,Male,Southeast_Asian,Undergraduate,UOWD,Other,Taxi_RideHail,90,29.8,3_4,292.0,0,1,0,1,0,1,1,3,5,1,3,3,4,46_60min,238.0,0,1,0,1,0,1,1,1,0,0,1,1,1,1,1,0,2,2,5,3,3,2,1,1,0,1,0,1,0,2,Never,4,3,28.0,Maybe
27,Male,South_Asian,Undergraduate,UOWD,Other,University_Shuttle,120,34.8,5,87.0,0,1,1,0,1,0,1,1,4,5,3,3,1,More_60min,100.0,0,0,0,0,1,0,0,1,0,0,1,1,1,1,1,0,4,5,5,1,5,1,1,0,1,0,1,0,0,3,Rarely,2,1,5.0,Yes
20,Female,Arab_NonGCC,Undergraduate,UOWD,Ajman_Northern,RTA_Bus,120,44.0,3_4,163.0,1,1,1,1,0,0,0,3,5,5,4,2,2,20_30min,206.0,1,0,0,1,0,1,1,1,1,0,0,0,1,1,1,0,4,4,4,1,3,1,0,1,1,1,1,1,0,5,1_2_weekly,1,2,48.0,Yes
20,Female,South_Asian,Undergraduate,Murdoch_Dubai,Al_Barsha,Taxi_RideHail,62,21.9,3_4,166.0,1,1,0,1,0,0,0,3,3,1,3,3,1,Less_20min,125.0,0,1,0,0,0,0,0,1,1,1,1,0,1,0,1,1,4,4,3,3,4,5,0,0,0,1,1,0,0,2,Rarely,4,4,71.0,Maybe
21,Female,South_Asian,Postgraduate,MAHE_Dubai,Ajman_Northern,Metro,120,41.8,3_4,178.0,0,1,0,1,1,0,1,1,5,3,5,3,1,46_60min,184.0,0,1,1,0,0,0,1,0,0,0,1,1,0,1,1,0,5,2,5,3,5,1,1,0,1,0,0,0,0,4,1_2_weekly,3,2,110.0,Yes
24,Female,Arab_NonGCC,Undergraduate,MAHE_Dubai,Al_Barsha,Own_Car,42,12.0,6plus,73.0,0,1,0,1,0,1,0,3,4,1,5,1,3,Less_20min,100.0,0,1,0,0,1,1,1,1,0,1,0,1,1,1,1,1,4,3,5,2,2,2,1,1,0,0,0,0,0,3,Never,4,3,49.0,Maybe
21,Female,European_Western,Undergraduate,MAHE_Dubai,On_Campus,Walking_Cycling,5,1.1,3_4,50.0,0,0,0,1,0,1,0,3,3,3,5,1,4,31_45min,100.0,0,1,1,0,0,0,1,1,0,0,1,0,1,1,0,0,2,2,5,3,4,1,0,0,1,1,0,1,0,2,1_2_weekly,5,4,29.0,No
26,Female,Southeast_Asian,Undergraduate,MAHE_Dubai,Downtown_JBR_JLT,Metro,56,22.1,1_2,76.0,0,1,0,1,0,0,0,3,5,1,5,2,2,Less_20min,100.0,1,1,0,0,0,0,1,1,1,1,1,0,0,0,1,1,3,4,3,1,5,4,1,1,0,0,1,1,0,3,Rarely,5,5,35.0,No
18,Female,Southeast_Asian,Undergraduate,RIT_Dubai,Al_Barsha,University_Shuttle,58,18.3,1_2,50.0,0,1,1,1,0,1,0,3,3,4,3,1,4,20_30min,100.0,0,1,0,1,0,0,0,0,0,1,0,1,1,1,1,1,3,2,5,4,3,4,1,0,1,1,0,1,0,5,Never,3,4,134.0,Yes
25,Male,African,Undergraduate,MAHE_Dubai,Deira_BurDubai,RTA_Bus,98,26.0,6plus,94.0,1,1,1,0,1,0,0,3,3,3,1,4,1,20_30min,100.0,0,1,0,0,0,0,0,0,0,0,1,1,0,1,0,1,3,4,4,3,4,2,1,1,1,0,0,1,0,2,Rarely,3,4,31.0,Maybe
24,Male,South_Asian,Undergraduate,UOWD,Other,Own_Car,32,10.1,5,80.0,0,0,0,1,0,0,0,3,3,3,4,3,3,Less_20min,100.0,1,0,1,1,0,1,1,0,0,0,0,1,1,1,1,0,4,5,3,2,5,5,1,1,0,1,1,0,0,4,Rarely,5,5,132.0,No
19,Male,African,Undergraduate,RIT_Dubai,Deira_BurDubai,Metro,120,39.1,3_4,161.0,1,1,0,0,0,0,0,4,5,3,3,3,2,More_60min,126.0,1,0,0,0,0,1,0,1,1,0,0,0,1,1,0,1,4,2,5,4,5,3,0,0,0,0,1,0,0,3,Never,3,4,67.0,Maybe
25,Male,South_Asian,Undergraduate,RIT_Dubai,Deira_BurDubai,Taxi_RideHail,120,37.3,3_4,290.0,0,1,0,0,0,1,1,3,4,3,2,3,4,Less_20min,250.0,0,1,1,0,1,1,1,1,0,0,1,0,1,1,0,0,3,2,4,2,2,1,1,0,1,1,1,1,0,2,1_2_weekly,3,3,140.0,Maybe
18,Male,Arab_GCC,Postgraduate,Murdoch_Dubai,Other,Carpool,102,30.2,3_4,94.0,0,1,0,0,0,0,0,1,5,2,2,3,3,46_60min,100.0,1,1,1,1,0,1,1,1,0,0,1,0,1,0,1,0,5,5,4,4,5,5,1,0,0,0,0,0,0,5,3_5_weekly,4,4,61.0,Maybe
28,Male,South_Asian,Undergraduate,UOWD,Al_Barsha,Own_Car,101,20.8,3_4,158.0,0,1,0,0,0,0,0,1,4,3,1,1,2,46_60min,194.0,1,1,1,0,1,1,1,1,0,0,1,0,1,1,1,1,5,5,3,3,2,5,1,0,1,0,1,0,0,5,Never,5,4,27.0,No
29,Female,South_Asian,Foundation,Other_DIAC,Downtown_JBR_JLT,Taxi_RideHail,107,26.4,6plus,300.0,0,1,0,1,0,1,1,3,5,2,5,1,3,20_30min,337.0,1,1,0,1,0,0,0,1,1,0,1,0,1,1,1,0,5,3,4,1,3,1,1,0,1,1,1,1,0,2,1_2_weekly,4,5,82.0,Maybe
26,Female,Southeast_Asian,Undergraduate,UOWD,Other,RTA_Bus,35,12.6,5,50.0,1,0,0,1,1,1,0,3,1,1,3,3,4,31_45min,100.0,1,0,1,1,0,1,1,1,1,1,0,1,1,1,1,1,5,5,3,4,5,3,1,1,0,0,1,1,0,5,3_5_weekly,4,5,88.0,Yes
26,Male,Arab_GCC,Postgraduate,Murdoch_Dubai,Other,Metro,78,20.0,5,71.0,0,1,0,0,0,1,0,3,5,1,3,2,3,20_30min,100.0,1,1,1,0,1,0,0,1,1,0,1,1,1,0,1,1,2,3,3,5,5,1,1,0,0,1,0,1,0,3,3_5_weekly,3,2,95.0,Maybe
19,Male,Arab_NonGCC,Undergraduate,RIT_Dubai,Ajman_Northern,Taxi_RideHail,120,54.5,5,470.0,1,1,0,1,0,0,1,4,4,3,5,2,3,31_45min,417.0,1,0,1,1,0,1,1,1,1,0,1,1,0,1,1,0,3,5,3,2,3,3,1,0,0,1,1,0,0,3,3_5_weekly,4,4,190.0,Maybe
24,Male,Arab_NonGCC,Postgraduate,MAHE_Dubai,Deira_BurDubai,Metro,120,29.2,3_4,123.0,0,1,0,1,0,1,0,2,5,1,3,2,3,31_45min,114.0,0,1,1,1,0,1,0,1,1,0,1,1,1,1,1,1,2,4,4,4,5,2,1,1,1,0,1,1,0,3,Rarely,5,5,7.0,No
27,Female,Arab_NonGCC,Postgraduate,RIT_Dubai,Deira_BurDubai,Own_Car,103,35.3,5,250.0,0,1,0,0,0,0,0,3,3,1,3,2,3,20_30min,178.0,0,0,0,1,1,1,1,0,1,0,0,0,1,1,1,0,4,2,3,2,5,3,1,0,1,1,1,0,0,3,Rarely,5,5,94.0,No
20,Male,Southeast_Asian,Undergraduate,MAHE_Dubai,Downtown_JBR_JLT,University_Shuttle,90,18.3,5,50.0,0,1,0,0,0,0,0,3,5,3,1,3,1,20_30min,100.0,0,1,0,0,0,0,1,0,1,0,1,0,1,1,1,0,5,5,3,1,4,5,1,0,0,1,1,1,0,5,3_5_weekly,3,4,140.0,Maybe
24,Female,Arab_NonGCC,Undergraduate,UOWD,Downtown_JBR_JLT,Own_Car,78,21.7,3_4,130.0,0,1,0,1,0,0,0,3,3,1,5,3,1,31_45min,118.0,1,0,1,1,1,0,1,0,0,0,0,0,1,0,0,0,5,4,4,2,2,2,1,1,1,1,1,0,0,2,Never,4,4,144.0,No
29,Male,South_Asian,Undergraduate,MAHE_Dubai,Sharjah,Carpool,118,41.0,5,184.0,0,1,0,0,0,1,0,1,4,3,3,3,4,46_60min,163.0,0,0,0,1,0,0,0,1,1,0,1,1,1,1,1,0,3,5,3,2,5,4,1,0,1,0,0,1,0,5,1_2_weekly,5,5,90.0,Maybe
27,Female,South_Asian,Undergraduate,UOWD,Deira_BurDubai,Carpool,101,34.5,3_4,100.0,0,1,0,1,0,0,1,3,4,3,5,2,3,Less_20min,106.0,0,0,0,0,0,0,1,1,1,0,0,1,1,1,0,0,5,2,5,5,5,2,1,1,1,1,0,0,0,5,Rarely,4,5,3.0,Maybe
26,Female,South_Asian,Undergraduate,MAHE_Dubai,Al_Barsha,Taxi_RideHail,48,17.8,3_4,154.0,0,1,0,1,0,1,0,1,5,1,3,3,4,31_45min,148.0,0,0,0,1,0,0,0,0,0,1,1,1,0,1,1,1,3,5,4,2,2,3,1,1,1,0,0,0,0,2,1_2_weekly,4,5,16.0,No
21,Male,European_Western,Undergraduate,MAHE_Dubai,Al_Barsha,Taxi_RideHail,85,19.0,3_4,184.0,0,1,0,0,0,0,0,1,5,1,3,3,2,20_30min,237.0,1,1,0,1,0,0,0,1,1,0,1,0,1,1,0,1,4,5,4,4,4,2,1,1,1,0,0,1,0,2,Rarely,4,3,125.0,No
29,Female,South_Asian,Undergraduate,UOWD,Ajman_Northern,Own_Car,112,40.1,3_4,221.0,0,1,0,0,0,0,1,1,5,1,1,3,1,46_60min,202.0,1,0,1,0,0,1,1,0,0,0,0,1,1,1,1,1,5,2,4,2,2,2,0,0,1,0,1,0,0,4,1_2_weekly,3,2,124.0,Maybe
18,Female,African,Undergraduate,Murdoch_Dubai,Sharjah,Own_Car,90,32.0,5,171.0,0,1,0,1,0,0,0,1,3,1,3,3,3,Less_20min,183.0,0,1,0,0,1,0,1,1,1,1,1,1,0,0,1,0,5,5,5,3,5,4,1,1,0,0,0,0,0,3,1_2_weekly,4,4,142.0,No
19,Female,South_Asian,Postgraduate,Murdoch_Dubai,Other,University_Shuttle,120,31.7,6plus,103.0,0,1,1,0,0,0,1,2,4,3,3,1,2,31_45min,100.0,0,1,1,0,1,0,1,0,1,1,1,1,0,1,1,1,2,2,3,2,3,3,1,0,0,0,1,0,0,2,Never,2,1,85.0,Maybe
18,Male,South_Asian,Postgraduate,UOWD,Ajman_Northern,Metro,120,53.6,5,226.0,0,1,0,0,1,1,0,3,3,2,3,5,3,Less_20min,293.0,0,1,1,1,0,0,1,0,1,0,0,0,1,1,1,0,3,3,4,3,3,5,1,0,1,0,1,1,0,5,Daily,3,4,130.0,Yes
29,Female,Other,Foundation,UOWD,Al_Barsha,Metro,33,13.1,5,54.0,1,0,0,1,1,0,0,3,3,1,4,4,2,31_45min,100.0,0,0,0,0,0,1,1,0,1,0,1,0,1,1,1,1,3,5,4,2,4,2,1,0,1,1,0,1,0,3,Never,3,3,124.0,Maybe
22,Female,Arab_NonGCC,Undergraduate,MAHE_Dubai,Sharjah,Sub_Van,120,46.8,5,237.0,0,1,0,0,0,0,1,3,5,2,2,1,3,46_60min,256.0,1,0,0,0,0,0,1,0,0,1,1,0,1,0,1,1,5,4,4,2,4,1,1,0,1,1,0,0,0,3,Rarely,5,4,88.0,Maybe
22,Female,Arab_GCC,Undergraduate,RIT_Dubai,Sharjah,Metro,99,34.8,3_4,126.0,1,1,0,1,0,1,1,5,5,3,4,3,3,31_45min,100.0,0,0,1,1,0,1,1,1,1,1,1,0,1,0,1,1,2,5,5,4,5,5,1,0,1,0,0,0,0,5,1_2_weekly,2,2,118.0,Yes
28,Female,African,Undergraduate,UOWD,Sharjah,Own_Car,120,39.6,5,301.0,1,1,0,1,0,0,0,3,3,1,3,3,2,31_45min,343.0,1,0,0,1,0,1,1,1,1,1,0,0,0,0,1,0,5,2,5,3,4,2,1,0,0,0,0,1,0,2,Rarely,4,5,226.0,No
24,Female,Arab_GCC,Undergraduate,Murdoch_Dubai,Ajman_Northern,Own_Car,120,42.9,3_4,268.0,0,1,0,0,0,0,1,1,3,1,3,3,1,20_30min,231.0,0,1,0,0,1,0,1,1,0,0,1,1,1,1,1,0,3,2,5,3,5,5,1,0,0,0,0,0,0,3,3_5_weekly,3,2,96.0,Maybe
26,Prefer not to say,European_Western,Postgraduate,Murdoch_Dubai,Downtown_JBR_JLT,Taxi_RideHail,76,26.5,5,270.0,0,1,0,0,0,0,1,3,5,1,3,2,2,46_60min,262.0,0,0,0,1,0,0,1,1,1,0,1,1,1,1,1,1,3,4,3,5,3,1,1,0,0,1,0,1,0,3,1_2_weekly,3,2,143.0,Maybe
26,Female,South_Asian,Undergraduate,Other_DIAC,Downtown_JBR_JLT,Taxi_RideHail,72,26.0,6plus,303.0,1,1,0,1,0,0,0,4,5,3,5,2,2,31_45min,373.0,0,0,0,0,1,0,1,1,1,1,1,0,1,1,1,0,5,4,3,2,4,5,1,0,0,1,0,0,0,3,Never,2,1,246.0,Yes
20,Female,European_Western,Postgraduate,UOWD,Deira_BurDubai,RTA_Bus,120,28.2,3_4,81.0,1,1,0,0,0,0,1,5,3,2,2,2,2,46_60min,104.0,1,1,0,0,1,0,1,1,0,1,1,0,1,1,0,1,4,2,5,2,5,5,1,0,1,0,0,1,0,3,3_5_weekly,2,3,112.0,Yes
20,Female,Southeast_Asian,Undergraduate,MAHE_Dubai,On_Campus,University_Shuttle,11,2.7,5,50.0,1,0,1,0,1,0,0,5,1,3,2,4,2,20_30min,100.0,1,1,0,0,0,1,1,0,1,1,0,1,1,1,1,0,5,3,3,4,2,1,1,1,1,0,1,1,0,3,Rarely,3,3,48.0,Maybe
20,Male,South_Asian,Undergraduate,MAHE_Dubai,Ajman_Northern,Carpool,120,48.0,5,180.0,0,1,0,0,0,0,0,3,5,1,3,2,2,20_30min,216.0,0,0,1,0,0,1,0,1,0,0,1,1,1,1,0,1,2,3,5,5,4,1,0,0,0,0,1,1,0,5,1_2_weekly,4,3,123.0,Maybe
21,Female,Other,Undergraduate,MAHE_Dubai,Al_Barsha,Metro,57,14.9,5,50.0,1,1,0,1,1,0,0,3,3,1,3,5,3,20_30min,100.0,0,0,1,1,0,0,1,1,1,0,1,0,1,1,1,1,3,2,3,5,5,1,0,1,0,0,0,1,0,2,Rarely,2,2,105.0,Yes
25,Female,South_Asian,Undergraduate,Other_DIAC,Deira_BurDubai,RTA_Bus,89,27.3,3_4,72.0,1,1,1,1,0,1,0,3,3,5,5,2,5,20_30min,100.0,0,0,1,1,0,0,1,1,0,1,1,1,1,1,1,0,3,3,3,4,5,4,1,1,1,1,1,1,0,2,3_5_weekly,2,2,139.0,Yes
23,Male,Other,Undergraduate,UOWD,On_Campus,University_Shuttle,5,1.5,3_4,50.0,0,0,0,0,1,1,0,1,1,1,3,3,5,Less_20min,100.0,1,0,0,0,0,0,1,1,1,0,1,0,1,0,1,0,5,4,5,3,2,1,1,0,1,0,1,1,0,3,1_2_weekly,5,5,107.0,No
25,Female,Arab_NonGCC,Undergraduate,Other_DIAC,Ajman_Northern,Carpool,120,40.4,1_2,187.0,0,1,0,1,0,0,1,2,3,3,3,2,1,46_60min,186.0,1,0,0,0,0,1,1,1,1,0,0,1,1,1,1,1,4,3,4,1,3,5,1,0,0,0,1,1,0,3,Never,4,5,62.0,Maybe
18,Male,South_Asian,Undergraduate,Murdoch_Dubai,Al_Barsha,University_Shuttle,61,17.8,3_4,50.0,0,1,1,0,1,0,0,3,5,4,2,4,2,31_45min,100.0,0,0,0,0,0,0,1,0,0,0,1,1,1,0,0,1,3,4,4,4,2,1,1,0,1,1,1,1,0,3,3_5_weekly,3,4,2.0,Maybe
25,Female,Arab_NonGCC,Undergraduate,Murdoch_Dubai,Ajman_Northern,Taxi_RideHail,120,56.8,1_2,431.0,1,1,0,0,0,0,1,4,3,3,2,3,1,More_60min,520.0,0,0,0,0,1,0,1,1,0,1,1,1,1,1,1,0,5,5,3,3,5,2,1,0,0,1,0,0,0,5,Rarely,3,2,230.0,Yes
21,Female,South_Asian,Undergraduate,MAHE_Dubai,Other,Carpool,60,23.7,5,71.0,0,1,0,0,0,1,0,3,3,1,2,1,4,Less_20min,100.0,0,0,1,0,0,1,1,1,0,1,1,0,0,0,0,0,4,4,3,5,2,1,1,0,0,0,0,1,0,5,Rarely,3,2,61.0,Maybe
28,Female,Arab_NonGCC,Undergraduate,Other_DIAC,On_Campus,Walking_Cycling,6,1.4,3_4,50.0,0,0,0,1,0,1,0,1,1,2,3,3,4,20_30min,100.0,1,1,1,1,0,0,0,1,0,1,0,0,1,1,1,0,5,5,3,4,2,1,1,1,1,0,0,1,0,4,Rarely,5,5,101.0,No
18,Male,European_Western,Undergraduate,MAHE_Dubai,On_Campus,Own_Car,5,1.1,5,50.0,0,0,0,0,0,0,0,2,2,2,2,2,3,46_60min,100.0,0,0,1,0,0,0,1,1,0,0,1,1,1,1,1,0,5,4,3,1,5,3,1,0,0,1,0,1,0,3,Rarely,4,4,16.0,No
25,Female,European_Western,Undergraduate,Murdoch_Dubai,Deira_BurDubai,Carpool,120,28.2,5,97.0,0,1,0,1,0,0,1,1,4,1,3,1,3,20_30min,116.0,1,1,0,1,0,0,0,0,1,0,1,0,1,0,1,0,5,4,3,2,3,5,1,1,0,1,0,0,0,4,1_2_weekly,5,5,134.0,Maybe
21,Female,Other,Postgraduate,UOWD,Downtown_JBR_JLT,Taxi_RideHail,92,23.0,5,215.0,0,1,0,0,0,1,0,3,5,1,1,3,4,20_30min,238.0,0,0,0,1,1,0,0,1,1,1,0,1,1,1,1,1,3,3,3,4,2,5,1,1,0,1,0,0,0,4,Daily,3,4,65.0,Maybe
23,Male,Arab_NonGCC,Undergraduate,Other_DIAC,Al_Barsha,Taxi_RideHail,90,19.6,3_4,169.0,1,1,0,0,0,0,0,3,4,3,1,2,3,46_60min,127.0,0,1,0,1,1,1,1,1,1,0,0,1,1,1,1,1,4,4,5,1,2,2,1,0,1,1,0,1,0,4,Never,3,4,138.0,Maybe
25,Male,South_Asian,Postgraduate,UOWD,Deira_BurDubai,University_Shuttle,76,27.8,5,78.0,0,1,0,0,0,0,0,3,3,1,2,3,3,20_30min,100.0,1,1,0,0,0,0,1,1,0,0,0,0,1,0,1,1,2,2,4,1,4,4,1,1,1,0,1,0,0,2,Rarely,5,4,106.0,No
21,Female,South_Asian,Undergraduate,MAHE_Dubai,On_Campus,Walking_Cycling,9,2.4,6plus,50.0,0,0,0,0,0,0,0,2,3,1,2,1,1,Less_20min,100.0,1,1,0,0,0,1,1,0,0,1,1,1,1,1,1,1,2,5,4,4,4,3,1,1,0,0,1,0,0,4,3_5_weekly,5,5,18.0,No
20,Male,South_Asian,Undergraduate,MAHE_Dubai,Downtown_JBR_JLT,Metro,106,28.4,1_2,105.0,0,1,0,1,0,0,0,1,3,1,4,1,2,46_60min,111.0,0,0,0,1,0,1,1,1,0,0,0,0,1,0,0,0,3,5,5,3,5,2,1,0,1,0,1,1,0,3,1_2_weekly,5,5,87.0,No
26,Male,South_Asian,Postgraduate,RIT_Dubai,Deira_BurDubai,RTA_Bus,120,31.8,3_4,115.0,1,1,1,0,1,1,0,3,4,5,1,5,4,Less_20min,101.0,0,1,0,1,0,0,0,0,0,0,1,0,1,0,1,0,3,4,5,4,5,2,1,1,1,0,0,0,0,5,Rarely,3,4,136.0,Yes
20,Female,South_Asian,Undergraduate,UOWD,Downtown_JBR_JLT,Metro,107,27.9,5,92.0,1,1,0,0,1,0,0,5,4,3,2,4,1,46_60min,100.0,1,1,0,0,1,0,1,1,0,1,1,0,1,1,0,1,5,2,4,5,5,5,1,1,1,1,0,1,0,3,Never,2,1,120.0,Maybe
26,Male,Southeast_Asian,Undergraduate,RIT_Dubai,Other,Carpool,92,23.9,1_2,101.0,0,1,0,1,0,0,0,3,4,2,4,2,1,Less_20min,117.0,1,1,0,0,1,0,1,1,1,0,1,0,0,0,1,1,5,4,4,1,4,3,1,1,0,1,0,1,0,5,Never,3,3,63.0,Maybe
30,Female,South_Asian,Undergraduate,UOWD,Deira_BurDubai,Carpool,120,34.6,1_2,141.0,1,1,0,1,0,1,0,5,3,3,5,3,5,31_45min,120.0,0,1,0,0,0,0,0,0,1,0,1,0,1,0,1,0,4,4,3,1,5,5,1,1,1,1,0,1,0,2,Never,3,3,143.0,Maybe
19,Male,South_Asian,Undergraduate,Other_DIAC,Downtown_JBR_JLT,Taxi_RideHail,79,24.3,3_4,188.0,1,1,0,1,0,0,0,4,4,2,4,2,2,Less_20min,182.0,0,1,0,0,1,0,0,1,0,0,0,1,1,1,0,0,5,3,4,2,2,4,1,1,1,1,1,0,0,2,3_5_weekly,3,2,40.0,Maybe
19,Female,Arab_GCC,Undergraduate,RIT_Dubai,On_Campus,Own_Car,7,1.9,1_2,50.0,0,0,0,0,0,0,0,1,3,1,1,1,2,31_45min,100.0,1,1,0,0,0,1,1,1,1,1,1,1,1,1,0,1,4,4,3,1,2,5,1,0,1,1,1,1,0,3,Never,5,5,56.0,No
19,Male,Arab_GCC,Undergraduate,Other_DIAC,Downtown_JBR_JLT,Carpool,58,20.8,5,70.0,0,1,0,1,0,0,0,2,3,2,3,3,2,Less_20min,100.0,0,1,1,1,1,1,0,1,1,0,0,1,1,1,1,0,5,4,3,2,3,1,1,1,0,0,0,1,0,2,Never,5,5,112.0,No
23,Female,Arab_GCC,Postgraduate,Murdoch_Dubai,Ajman_Northern,Metro,120,46.1,3_4,187.0,0,1,0,1,1,0,1,3,5,2,5,5,1,46_60min,198.0,1,1,1,1,0,0,1,1,1,1,0,0,1,1,1,1,5,3,4,1,5,5,1,0,0,0,1,1,0,5,1_2_weekly,3,2,35.0,Yes
20,Male,Other,Undergraduate,Other_DIAC,Downtown_JBR_JLT,RTA_Bus,92,21.5,5,69.0,0,1,1,0,0,1,0,3,4,5,2,2,4,20_30min,100.0,1,1,0,1,1,1,1,0,1,0,1,1,1,0,1,0,2,3,3,1,2,1,1,1,1,0,0,1,0,2,1_2_weekly,2,2,77.0,Maybe
30,Female,Arab_GCC,Undergraduate,RIT_Dubai,On_Campus,University_Shuttle,10,2.1,5,50.0,0,0,1,1,0,0,0,2,2,3,3,2,1,Less_20min,100.0,1,1,0,0,1,1,1,1,0,0,0,1,0,1,0,0,3,2,3,4,2,2,1,0,0,0,0,1,0,4,1_2_weekly,3,3,109.0,Maybe
26,Male,Arab_GCC,Undergraduate,Murdoch_Dubai,Al_Barsha,Taxi_RideHail,40,13.2,5,101.0,1,0,0,1,0,1,0,3,1,2,3,2,3,31_45min,100.0,0,0,1,1,0,0,1,0,1,0,1,0,1,1,1,1,4,3,5,4,3,4,1,0,1,0,0,1,0,4,Rarely,3,4,97.0,Maybe
21,Female,South_Asian,Postgraduate,Murdoch_Dubai,Deira_BurDubai,Metro,120,38.8,5,156.0,1,1,0,0,1,0,0,3,3,3,2,4,3,20_30min,151.0,1,1,1,0,0,1,1,1,0,1,1,0,1,1,0,1,2,5,4,5,2,1,0,0,0,0,1,1,0,2,1_2_weekly,2,3,23.0,Maybe
18,Female,African,Undergraduate,MAHE_Dubai,Deira_BurDubai,Taxi_RideHail,120,35.8,5,366.0,0,1,0,1,0,0,0,1,4,3,4,3,1,Less_20min,329.0,0,1,1,1,1,0,1,1,1,1,0,0,1,0,1,0,5,5,5,3,3,4,1,0,0,1,0,0,0,3,Daily,5,5,172.0,No
21,Female,Other,Undergraduate,MAHE_Dubai,Al_Barsha,University_Shuttle,67,16.0,3_4,51.0,0,1,1,0,1,0,0,1,3,5,2,4,3,Less_20min,100.0,1,1,0,1,0,0,1,0,0,0,1,0,1,1,1,1,2,2,3,5,3,5,0,0,0,0,0,1,0,4,3_5_weekly,4,4,86.0,Maybe
18,Female,African,Undergraduate,MAHE_Dubai,Deira_BurDubai,Taxi_RideHail,111,27.4,5,235.0,0,1,0,1,0,0,1,1,3,3,5,3,2,20_30min,183.0,0,1,1,1,1,0,1,1,0,1,1,1,1,0,0,1,4,4,3,1,4,5,1,1,1,1,0,1,0,5,1_2_weekly,4,4,84.0,Yes
22,Male,Southeast_Asian,Foundation,Murdoch_Dubai,Al_Barsha,Carpool,68,20.8,5,78.0,1,1,0,0,0,0,0,5,4,3,1,3,3,Less_20min,100.0,0,1,1,1,1,0,1,1,0,0,1,0,0,0,0,0,3,2,5,5,2,2,0,0,0,1,0,1,0,3,1_2_weekly,4,4,124.0,Maybe
21,Female,South_Asian,Undergraduate,Murdoch_Dubai,Sharjah,Taxi_RideHail,120,46.5,5,501.0,1,1,0,0,0,1,1,5,3,2,3,2,4,Less_20min,542.0,0,1,1,1,1,0,1,1,0,1,0,1,1,1,1,1,2,3,5,4,4,5,1,0,0,1,0,1,0,2,Rarely,2,1,239.0,Yes
25,Male,Arab_GCC,Undergraduate,RIT_Dubai,Downtown_JBR_JLT,Sub_Van,100,26.7,5,99.0,0,1,0,1,0,0,0,2,4,3,5,1,2,20_30min,122.0,0,0,1,0,1,1,1,1,1,0,1,1,0,1,0,1,4,4,5,1,2,1,0,1,1,0,1,1,0,3,3_5_weekly,5,5,113.0,No
25,Male,Other,Undergraduate,UOWD,Sharjah,Carpool,94,35.4,3_4,116.0,0,1,0,0,0,0,1,2,4,1,2,2,3,31_45min,111.0,0,0,0,1,0,1,1,0,1,0,1,0,1,1,0,0,5,2,3,1,4,2,1,1,1,0,0,1,0,3,Never,5,4,114.0,Maybe
24,Male,African,Undergraduate,RIT_Dubai,On_Campus,Own_Car,5,1.8,3_4,50.0,0,0,0,0,0,0,0,2,1,2,1,1,1,20_30min,100.0,0,1,1,0,1,0,0,1,1,0,1,0,0,0,0,1,2,2,4,5,3,4,1,1,1,0,0,0,0,3,Never,5,5,108.0,No
20,Female,South_Asian,Undergraduate,Other_DIAC,Sharjah,Sub_Van,120,32.1,5,138.0,0,1,0,1,0,0,0,3,3,2,5,1,3,Less_20min,171.0,1,0,0,1,0,1,0,1,0,0,0,0,0,0,0,1,3,5,3,2,3,2,1,0,1,0,1,1,0,3,Never,4,4,76.0,Maybe
18,Female,African,Undergraduate,Other_DIAC,On_Campus,University_Shuttle,6,1.4,1_2,50.0,0,0,0,1,1,0,0,3,1,2,3,4,1,More_60min,100.0,1,1,0,0,1,1,1,0,0,1,1,0,1,1,1,1,4,2,5,3,3,4,0,1,1,0,1,1,0,2,Rarely,5,4,59.0,No
18,Male,Southeast_Asian,Postgraduate,Other_DIAC,Other,Taxi_RideHail,120,29.6,5,253.0,0,1,0,0,0,1,0,1,3,3,2,2,5,46_60min,195.0,0,0,0,0,0,0,1,1,1,0,1,0,0,1,0,1,3,4,4,5,3,3,1,1,0,0,1,1,0,2,3_5_weekly,5,4,59.0,No
29,Female,South_Asian,Postgraduate,MAHE_Dubai,Al_Barsha,University_Shuttle,78,19.2,3_4,50.0,1,1,1,1,0,0,0,4,4,4,4,3,3,20_30min,100.0,1,1,1,0,1,0,0,1,0,0,1,1,1,1,0,0,5,2,5,5,2,1,1,0,1,0,0,0,0,4,1_2_weekly,3,4,110.0,Maybe
28,Male,Other,Undergraduate,UOWD,Ajman_Northern,Metro,120,51.9,3_4,208.0,0,1,0,0,0,1,1,3,5,3,3,3,3,Less_20min,265.0,1,0,1,1,1,0,0,1,1,0,1,0,1,0,1,0,3,2,3,3,5,1,1,0,0,0,1,0,0,4,3_5_weekly,3,2,75.0,Yes
20,Male,European_Western,Postgraduate,RIT_Dubai,Other,Own_Car,94,32.4,3_4,230.0,0,1,0,0,0,0,1,3,4,2,2,3,2,More_60min,248.0,1,1,1,1,1,1,1,0,1,0,1,0,1,1,1,0,5,3,4,1,2,4,1,1,1,1,1,1,0,5,Never,4,3,51.0,Maybe
23,Male,South_Asian,Undergraduate,RIT_Dubai,Downtown_JBR_JLT,RTA_Bus,74,25.0,1_2,96.0,1,1,1,0,1,1,0,3,5,4,2,3,3,20_30min,100.0,1,0,1,0,0,0,1,0,0,0,1,0,1,0,1,1,5,2,4,1,4,5,1,1,1,1,0,1,0,5,1_2_weekly,1,1,94.0,Yes
24,Male,Southeast_Asian,Undergraduate,MAHE_Dubai,Ajman_Northern,RTA_Bus,120,49.3,5,200.0,0,1,1,0,1,1,1,3,3,5,2,3,5,20_30min,225.0,0,1,0,1,0,0,1,0,1,0,1,1,0,1,0,1,2,4,3,2,2,5,1,0,1,0,0,0,0,4,Rarely,2,3,126.0,Yes
23,Female,Arab_GCC,Undergraduate,Murdoch_Dubai,Downtown_JBR_JLT,Sub_Van,76,22.1,3_4,93.0,0,1,0,1,0,1,0,3,3,2,5,2,3,20_30min,100.0,1,1,1,0,0,1,1,1,1,0,1,1,1,1,0,0,5,5,5,5,2,3,0,0,1,1,1,1,0,4,Rarely,5,4,9.0,Maybe
23,Female,Southeast_Asian,Foundation,RIT_Dubai,Other,Carpool,99,33.5,6plus,101.0,0,1,0,1,0,0,0,2,3,3,3,3,2,31_45min,117.0,0,0,1,1,0,1,1,0,0,0,1,0,1,1,1,0,3,5,5,3,4,4,0,0,1,0,1,1,0,3,Never,5,5,146.0,Maybe
23,Female,Arab_GCC,Undergraduate,Murdoch_Dubai,Sharjah,Carpool,111,31.7,5,94.0,0,1,0,1,0,0,1,3,4,1,4,1,2,Less_20min,100.0,0,1,0,0,0,0,1,1,0,1,1,1,1,1,1,0,2,5,5,5,3,3,1,0,0,1,1,1,0,4,Rarely,5,4,14.0,Maybe
30,Male,South_Asian,Undergraduate,RIT_Dubai,Sharjah,Metro,120,48.6,3_4,155.0,1,1,0,1,1,1,0,3,5,1,5,5,3,31_45min,185.0,0,0,0,1,0,0,1,1,1,0,1,0,0,1,1,0,5,5,3,4,4,4,1,1,0,0,1,1,0,5,Rarely,2,2,77.0,Yes
20,Male,Other,Undergraduate,Other_DIAC,Sharjah,University_Shuttle,120,46.5,5,159.0,0,1,1,0,0,1,0,3,4,5,2,2,4,31_45min,137.0,1,0,1,0,1,0,0,0,0,0,1,1,0,1,1,1,4,3,5,5,4,3,1,1,1,1,1,0,0,4,1_2_weekly,2,1,84.0,Yes
23,Male,South_Asian,Undergraduate,MAHE_Dubai,Sharjah,University_Shuttle,120,32.6,5,93.0,0,1,0,0,0,0,1,2,5,1,3,3,1,20_30min,100.0,1,1,1,0,1,1,1,1,1,0,1,1,1,0,1,1,4,4,4,5,5,4,1,0,0,0,0,0,0,3,Rarely,3,3,21.0,Maybe
25,Female,South_Asian,Undergraduate,UOWD,Ajman_Northern,RTA_Bus,120,51.3,5,151.0,0,1,1,0,1,1,1,3,3,4,2,5,4,46_60min,153.0,0,1,1,1,0,0,1,1,1,0,1,0,1,1,1,0,5,3,5,4,5,1,1,0,1,1,0,0,0,5,3_5_weekly,4,4,137.0,Yes
28,Male,South_Asian,Undergraduate,Other_DIAC,Sharjah,University_Shuttle,120,47.3,1_2,128.0,0,1,0,1,1,0,1,3,4,2,3,3,2,Less_20min,123.0,0,1,0,1,0,0,0,0,0,0,1,1,1,1,0,0,2,5,5,4,3,3,1,0,1,0,0,1,0,2,Never,5,5,71.0,Maybe
28,Female,Arab_NonGCC,Undergraduate,MAHE_Dubai,Al_Barsha,University_Shuttle,59,17.7,5,53.0,0,1,0,1,1,1,0,2,3,1,5,4,5,31_45min,100.0,0,0,0,1,1,1,1,0,1,0,1,0,1,1,1,1,2,3,4,3,4,3,1,0,1,1,1,1,0,4,Rarely,5,5,21.0,Maybe
19,Prefer not to say,Southeast_Asian,Undergraduate,Murdoch_Dubai,Al_Barsha,Sub_Van,57,21.1,5,96.0,0,1,0,0,0,0,0,3,4,2,2,1,3,20_30min,100.0,1,1,0,0,0,1,1,1,1,0,1,1,1,1,0,1,2,2,4,1,4,4,0,0,0,0,0,1,0,2,Daily,3,2,107.0,No
22,Female,Arab_NonGCC,Undergraduate,UOWD,On_Campus,University_Shuttle,9,2.9,3_4,50.0,0,0,0,1,0,1,0,2,1,1,3,3,3,20_30min,100.0,0,1,0,1,0,1,0,1,1,1,1,1,1,1,1,1,3,4,5,2,4,2,0,1,1,0,0,0,0,5,Never,4,4,100.0,Maybe
18,Female,Arab_GCC,Postgraduate,UOWD,Deira_BurDubai,RTA_Bus,120,31.3,1_2,127.0,0,1,1,0,0,0,0,2,4,3,1,2,3,20_30min,125.0,0,0,0,1,0,0,1,1,0,1,0,1,1,0,0,1,4,2,4,4,2,2,1,1,1,1,1,0,0,4,1_2_weekly,3,3,144.0,Maybe
29,Male,South_Asian,Undergraduate,Murdoch_Dubai,On_Campus,Walking_Cycling,5,1.8,5,50.0,1,0,0,0,0,0,0,5,1,1,3,3,2,20_30min,100.0,1,1,1,0,1,0,0,1,1,0,1,0,1,1,1,1,5,3,3,1,5,1,0,1,0,0,1,1,0,2,Never,5,4,66.0,No
18,Female,African,Undergraduate,Other_DIAC,Sharjah,Own_Car,120,48.7,3_4,266.0,0,1,0,1,0,0,0,1,5,2,5,3,2,Less_20min,209.0,0,0,0,1,0,0,1,1,1,0,0,1,1,1,0,0,5,2,4,3,5,5,1,1,0,1,0,1,0,4,Never,3,2,40.0,Maybe
22,Female,Southeast_Asian,Postgraduate,RIT_Dubai,Deira_BurDubai,University_Shuttle,120,35.1,5,118.0,0,1,0,0,1,1,0,3,3,1,1,5,5,20_30min,122.0,0,0,0,1,1,0,1,1,1,0,1,0,0,1,1,0,4,3,3,5,3,5,1,1,0,1,0,1,0,2,Rarely,4,4,9.0,Maybe
29,Female,Arab_GCC,Undergraduate,Other_DIAC,Downtown_JBR_JLT,Sub_Van,96,19.4,3_4,66.0,1,1,0,0,0,0,0,3,5,2,2,1,2,20_30min,100.0,0,1,0,1,1,0,0,0,1,1,1,0,0,1,1,0,3,3,4,3,5,1,1,0,0,1,1,0,0,2,Daily,2,1,110.0,Maybe
30,Male,South_Asian,Undergraduate,UOWD,On_Campus,Walking_Cycling,5,1.1,6plus,50.0,0,0,0,1,0,0,0,1,3,2,4,2,3,31_45min,100.0,1,1,0,0,0,0,1,1,0,0,0,0,1,1,1,0,2,4,3,3,5,5,1,1,0,0,0,1,0,5,3_5_weekly,4,4,93.0,Maybe
20,Male,South_Asian,Foundation,Murdoch_Dubai,Al_Barsha,Metro,76,17.6,5,77.0,1,1,0,0,0,1,0,3,3,2,2,2,4,Less_20min,100.0,0,0,0,0,1,1,1,1,1,0,1,0,1,0,1,1,4,4,3,4,3,4,1,1,1,1,0,1,0,4,Never,4,4,146.0,Maybe
21,Male,South_Asian,Undergraduate,RIT_Dubai,Ajman_Northern,Metro,120,58.6,3_4,227.0,1,1,0,0,1,1,0,3,4,1,3,4,5,31_45min,286.0,0,1,0,1,1,1,1,1,0,0,1,1,1,1,0,0,5,4,5,2,4,2,1,1,0,1,0,1,0,2,Never,3,3,107.0,Maybe
20,Female,Southeast_Asian,Undergraduate,Murdoch_Dubai,Sharjah,University_Shuttle,120,46.9,3_4,150.0,0,1,1,1,0,0,1,2,5,5,4,2,3,20_30min,167.0,0,1,1,0,1,0,1,1,0,0,0,1,1,1,1,0,3,5,4,4,2,1,1,0,0,0,1,1,0,4,1_2_weekly,2,1,140.0,Yes
18,Female,South_Asian,Undergraduate,RIT_Dubai,On_Campus,University_Shuttle,10,2.4,5,50.0,1,0,1,1,1,1,0,4,2,5,5,3,4,Less_20min,100.0,0,1,0,1,1,1,0,1,0,1,1,0,1,0,0,0,5,4,4,5,3,4,1,0,1,0,0,0,0,4,1_2_weekly,3,4,149.0,Yes
18,Female,South_Asian,Undergraduate,Other_DIAC,Downtown_JBR_JLT,Taxi_RideHail,78,19.7,5,225.0,1,1,0,0,0,0,0,5,4,2,1,3,1,20_30min,245.0,0,0,1,1,1,0,1,0,1,0,1,1,0,1,1,0,2,2,4,4,5,1,1,0,1,1,1,0,0,3,3_5_weekly,3,4,64.0,Maybe
29,Male,South_Asian,Undergraduate,RIT_Dubai,Downtown_JBR_JLT,Taxi_RideHail,104,21.1,5,202.0,1,1,0,0,0,0,0,5,5,1,2,2,3,20_30min,244.0,0,0,0,0,1,1,1,0,1,0,1,0,1,1,0,1,4,4,3,5,3,2,1,0,1,0,0,0,0,5,Never,4,4,23.0,Maybe
29,Female,European_Western,Undergraduate,MAHE_Dubai,Deira_BurDubai,University_Shuttle,120,38.1,3_4,120.0,0,1,0,1,1,0,0,3,5,2,3,3,3,31_45min,113.0,0,1,1,1,0,1,1,1,1,0,0,0,1,1,1,0,2,4,5,4,5,5,1,0,1,0,0,0,0,4,3_5_weekly,4,4,29.0,Maybe
30,Male,South_Asian,Undergraduate,Murdoch_Dubai,Deira_BurDubai,Own_Car,120,27.7,3_4,220.0,1,1,0,0,0,0,0,5,5,2,2,3,3,20_30min,264.0,1,1,0,0,0,0,1,0,1,0,0,1,1,1,1,1,3,4,4,2,4,4,1,1,0,1,1,1,0,4,3_5_weekly,4,3,48.0,Maybe
22,Male,South_Asian,Undergraduate,Murdoch_Dubai,Other,Own_Car,81,17.0,1_2,138.0,0,1,0,0,0,0,0,1,4,2,2,1,3,More_60min,109.0,1,0,0,0,0,0,1,1,1,0,1,0,1,1,1,1,4,3,5,1,4,2,1,1,1,0,0,1,0,4,Rarely,5,5,76.0,No
23,Male,South_Asian,Foundation,Murdoch_Dubai,Sharjah,Carpool,82,32.6,5,143.0,1,1,0,0,0,1,1,5,5,2,1,1,3,More_60min,171.0,1,0,1,0,1,0,0,0,0,0,1,0,0,0,0,1,2,3,5,2,4,1,1,1,1,0,1,1,0,5,3_5_weekly,4,5,18.0,Maybe
20,Female,South_Asian,Postgraduate,RIT_Dubai,Sharjah,RTA_Bus,120,43.5,1_2,130.0,0,1,0,1,1,0,1,2,4,3,4,3,3,20_30min,133.0,1,1,0,1,1,0,1,1,1,1,0,1,1,0,1,1,2,4,3,4,5,3,0,0,0,0,0,0,1,5,Never,4,5,45.0,Yes
29,Male,African,Undergraduate,Murdoch_Dubai,Downtown_JBR_JLT,RTA_Bus,120,29.3,3_4,118.0,0,1,1,0,0,1,0,3,5,3,1,2,5,31_45min,100.0,1,1,0,1,0,1,1,0,1,0,1,0,0,0,1,1,2,3,4,3,3,4,1,1,1,1,1,1,0,4,Daily,2,1,46.0,Yes
26,Female,South_Asian,Undergraduate,UOWD,Deira_BurDubai,Own_Car,79,29.0,5,204.0,0,1,0,1,0,0,0,1,3,2,4,3,2,Less_20min,193.0,1,0,0,0,1,1,1,1,1,0,1,1,1,1,1,1,3,3,5,1,5,1,1,1,1,0,0,0,0,5,Daily,5,4,1.0,Maybe
22,Female,Southeast_Asian,Postgraduate,RIT_Dubai,Sharjah,Taxi_RideHail,120,39.5,6plus,450.0,1,1,0,0,0,0,1,5,5,2,2,3,1,20_30min,582.0,0,0,1,1,0,0,1,1,1,1,1,0,0,0,1,1,2,5,4,3,4,1,1,0,0,1,1,1,0,3,1_2_weekly,2,1,84.0,Maybe
25,Male,Southeast_Asian,Undergraduate,UOWD,Deira_BurDubai,Metro,120,34.5,3_4,133.0,0,1,0,0,0,1,0,3,3,2,2,2,3,31_45min,156.0,1,0,0,0,0,1,1,0,0,0,1,0,0,1,1,1,5,2,4,2,4,2,1,0,1,0,0,1,0,5,1_2_weekly,4,4,17.0,Maybe
30,Female,South_Asian,Undergraduate,Murdoch_Dubai,Downtown_JBR_JLT,Metro,116,30.0,3_4,97.0,0,1,0,0,1,0,0,3,3,3,2,3,3,20_30min,101.0,1,0,1,1,1,1,1,1,1,0,1,0,1,1,1,1,4,3,4,1,4,1,1,0,0,1,0,0,0,3,3_5_weekly,3,2,64.0,Maybe
18,Male,South_Asian,Foundation,UOWD,Sharjah,Own_Car,95,32.1,5,199.0,0,1,0,0,0,1,0,2,3,3,1,2,4,Less_20min,153.0,1,0,1,1,0,0,1,1,0,0,0,0,0,1,0,0,4,2,5,4,5,4,1,1,1,1,0,0,0,3,1_2_weekly,3,3,29.0,Maybe
22,Male,European_Western,Undergraduate,Other_DIAC,Ajman_Northern,Carpool,120,50.0,5,194.0,1,1,0,0,0,0,0,3,4,1,2,3,3,Less_20min,184.0,0,1,1,1,1,1,0,1,1,0,0,0,1,1,0,0,2,3,3,3,2,4,1,0,1,1,1,1,0,3,1_2_weekly,4,4,123.0,No
20,Male,South_Asian,Postgraduate,MAHE_Dubai,Deira_BurDubai,Metro,92,30.8,3_4,124.0,0,1,0,0,0,0,0,3,3,1,2,1,2,20_30min,106.0,1,0,0,0,0,0,1,0,0,0,1,0,0,0,0,0,3,4,3,4,4,1,1,0,1,0,0,1,0,2,Never,5,5,12.0,No
29,Male,South_Asian,Foundation,RIT_Dubai,Al_Barsha,Sub_Van,78,20.7,6plus,80.0,0,1,0,1,0,0,0,1,5,2,3,1,1,20_30min,100.0,1,0,0,0,0,0,1,1,1,0,1,0,1,1,1,0,5,3,5,5,3,2,1,1,1,1,1,0,0,5,Daily,5,5,130.0,Maybe
18,Female,Other,Undergraduate,Murdoch_Dubai,Sharjah,Own_Car,106,39.5,5,271.0,0,1,0,1,0,1,0,1,4,2,3,1,5,20_30min,278.0,1,0,1,1,0,0,1,1,0,1,1,0,1,0,1,1,5,3,4,1,4,4,0,0,0,1,0,0,0,4,Never,4,3,87.0,Maybe
